data_atual,dia_da_semana,antecedencia,rota_principal,sentido,tipo_assento,turno,tkm_atual,preco_atual,mult_atual,data_atualizacao
2026-06-02,3,1,CMP-SAO,CMP-SAO,semi leito,MADRUGADA,23.44,27.9,1.0,
2026-06-02,3,1,RAO-SAO,RAO-SAO,semi leito,MADRUGADA,73.7,81.8,1.0,
2026-06-02,3,1,RAO-SAO,SAO-RAO,semi leito,MADRUGADA,,95.52,1.018138888888889,
2026-06-02,3,1,BHZ-IPA,BHZ-IPA,semi leito,MANHA,52.82,66.69,1.0634117647058823,
2026-06-02,3,1,BHZ-IPA,IPA-BHZ,semi leito,MANHA,71.36,95.35,1.3017,2026-05-20 21:04:34.213813
2026-06-02,3,1,BHZ-MCL,BHZ-MCL,semi leito,MANHA,103.04,99.1,1.3255,2026-05-20 21:04:34.213813
2026-06-02,3,1,BHZ-MCL,MCL-BHZ,semi leito,MANHA,94.07,106.11,1.0806,2026-05-20 21:04:34.213813
2026-06-02,3,1,BHZ-RIO,BHZ-RIO,semi leito,MANHA,101.35,124.61,1.1877,2026-05-20 21:04:34.213813
2026-06-02,3,1,BHZ-RIO,RIO-BHZ,semi leito,MANHA,98.33,99.09,1.146,2026-05-20 21:04:34.213813
2026-06-02,3,1,BHZ-SAO,BHZ-SAO,semi leito,MANHA,74.19,137.09,1.2039141646489093,
2026-06-02,3,1,CAB-RIO,RIO-CAB,semi leito,MANHA,38.99,48.74,1.167544821731749,
2026-06-02,3,1,CMP-SAO,CMP-SAO,semi leito,MANHA,25.23,42.89,1.064510526315789,
2026-06-02,3,1,CMP-SAO,SAO-CMP,semi leito,MANHA,22.78,47.04,1.1158,2026-05-20 21:04:34.213813
2026-06-02,3,1,CMP-SJK,SJK-CMP,semi leito,MANHA,28.83,41.9,1.0956112700228828,
2026-06-02,3,1,RAO-SAO,RAO-SAO,semi leito,MANHA,58.9,79.9,1.0185872160745495,
2026-06-02,3,1,RAO-SAO,SAO-RAO,semi leito,MANHA,62.12,78.9,1.0061591721091048,
2026-06-02,3,1,RIO-SAO,RIO-SAO,semi leito,MANHA,83.77,104.39,1.0556,2026-05-20 21:04:34.213813
2026-06-02,3,1,RIO-SAO,SAO-RIO,semi leito,MANHA,96.98,115.96,1.1001,2026-05-20 21:04:34.213813
2026-06-02,3,1,SAO-SJK,SAO-SJK,semi leito,MANHA,18.6,27.9,1.3349,2026-05-20 21:04:34.213813
2026-06-02,3,1,SAO-SJK,SJK-SAO,semi leito,MANHA,22.9,33.9,1.197076335877863,
2026-06-02,3,1,ANG-BHZ,ANG-BHZ,semi leito,NOITE,131.98,152.86,1.0,
2026-06-02,3,1,ANG-BHZ,BHZ-ANG,semi leito,NOITE,124.7,164.26,1.0731249999999999,
2026-06-02,3,1,ARB-SAO,ARB-SAO,semi leito,NOITE,123.46,123.55,1.2215,2026-05-20 21:04:34.213813
2026-06-02,3,1,ARB-SAO,SAO-ARB,semi leito,NOITE,172.17,205.94,1.4756,2026-05-20 21:04:34.213813
2026-06-02,3,1,BAT-SAO,SAO-BAT,semi leito,NOITE,114.02,183.51,1.1587,2026-05-20 21:04:34.213813
2026-06-02,3,1,BHZ-BSB,BHZ-BSB,semi leito,NOITE,,134.56,1.2644,2026-05-20 21:04:34.213813
2026-06-02,3,1,BHZ-BSB,BSB-BHZ,leito,NOITE,172.07,236.12,1.1571,2026-05-20 21:04:34.213813
2026-06-02,3,1,BHZ-CAB,BHZ-CAB,semi leito,NOITE,163.58,248.29,1.2549247702647055,
2026-06-02,3,1,BHZ-CAB,CAB-BHZ,semi leito,NOITE,115.9,135.81,1.0,
2026-06-02,3,1,BHZ-CDG,BHZ-CDG,semi leito,NOITE,84.4,158.45,1.3004,2026-05-20 21:04:34.213813
2026-06-02,3,1,BHZ-CDG,CDG-BHZ,semi leito,NOITE,112.11,165.55,1.2539,2026-05-20 21:04:34.213813
2026-06-02,3,1,BHZ-CMP,BHZ-CMP,leito,NOITE,,286.77,1.0523,2026-05-20 21:04:34.213813
2026-06-02,3,1,BHZ-CMP,CMP-BHZ,semi leito,NOITE,171.59,165.66,1.0639,2026-05-20 21:04:34.213813
2026-06-02,3,1,BHZ-GYN,BHZ-GYN,semi leito,NOITE,150.43,173.63,1.2346,2026-05-20 21:04:34.213813
2026-06-02,3,1,BHZ-GYN,GYN-BHZ,semi leito,NOITE,134.44,151.12,1.0595,2026-05-20 21:04:34.213813
2026-06-02,3,1,BHZ-IPA,BHZ-IPA,semi leito,NOITE,,110.14,1.1498461068211068,
2026-06-02,3,1,BHZ-IPA,IPA-BHZ,semi leito,NOITE,78.78,100.9,1.1812,2026-05-20 21:04:34.213813
2026-06-02,3,1,BHZ-MCE,BHZ-MCE,semi leito,NOITE,130.31,229.83,1.3215986111111109,
2026-06-02,3,1,BHZ-MCE,MCE-BHZ,semi leito,NOITE,139.11,233.41,1.0528947368421055,
2026-06-02,3,1,BHZ-MCL,BHZ-MCL,semi leito,NOITE,124.22,146.27,1.1552,2026-05-20 21:04:34.213813
2026-06-02,3,1,BHZ-MCL,MCL-BHZ,semi leito,NOITE,126.75,149.71,1.0826,2026-05-20 21:04:34.213813
2026-06-02,3,1,BHZ-RAO,BHZ-RAO,semi leito,NOITE,173.31,204.32,1.2261021582733798,
2026-06-02,3,1,BHZ-RAO,RAO-BHZ,semi leito,NOITE,156.22,182.49,1.2211,2026-05-20 21:04:34.213813
2026-06-02,3,1,BHZ-RIO,BHZ-RIO,semi leito,NOITE,157.01,217.56,1.4672,2026-05-20 21:04:34.213813
2026-06-02,3,1,BHZ-RIO,RIO-BHZ,semi leito,NOITE,99.94,115.8,1.0,
2026-06-02,3,1,BHZ-SAO,BHZ-SAO,semi leito,NOITE,123.98,157.18,1.0863,2026-05-20 21:04:34.213813
2026-06-02,3,1,BHZ-SAO,SAO-BHZ,semi leito,NOITE,127.36,157.96,1.0909,2026-05-20 21:04:34.213813
2026-06-02,3,1,BHZ-SJK,BHZ-SJK,semi leito,NOITE,156.05,173.13,1.3521,2026-05-20 21:04:34.213813
2026-06-02,3,1,BHZ-UDI,BHZ-UDI,semi leito,NOITE,164.63,189.37,1.3187,2026-05-20 21:04:34.213813
2026-06-02,3,1,BHZ-UDI,UDI-BHZ,semi leito,NOITE,124.78,138.48,1.0083934275184279,
2026-06-02,3,1,BHZ-VIX,BHZ-VIX,semi leito,NOITE,136.66,195.33,1.246,2026-05-20 21:04:34.213813
2026-06-02,3,1,BHZ-VIX,VIX-BHZ,semi leito,NOITE,110.02,113.63,1.1403,2026-05-20 21:04:34.213813
2026-06-02,3,1,BOA-MAN,BOA-MAN,semi leito,NOITE,161.77,185.65,1.1152,2026-05-20 21:04:34.213813
2026-06-02,3,1,BOA-MAN,MAN-BOA,semi leito,NOITE,124.78,154.76,1.0,
2026-06-02,3,1,CAB-SAO,CAB-SAO,semi leito,NOITE,127.17,134.32,1.1156943120905296,
2026-06-02,3,1,CAB-SAO,SAO-CAB,semi leito,NOITE,121.49,139.9,1.1913,2026-05-20 21:04:34.213813
2026-06-02,3,1,CAB-VIX,CAB-VIX,semi leito,NOITE,,100.61,1.0,
2026-06-02,3,1,CAB-VIX,VIX-CAB,semi leito,NOITE,70.78,95.57,1.0,
2026-06-02,3,1,CGR-SAO,CGR-SAO,semi leito,NOITE,174.78,168.26,1.1837,2026-05-20 21:04:34.213813
2026-06-02,3,1,CGR-SAO,SAO-CGR,semi leito,NOITE,163.28,166.16,1.1612,2026-05-20 21:04:34.213813
2026-06-02,3,1,CMP-RIO,CMP-RIO,semi leito,NOITE,144.25,186.75,1.5288,2026-05-20 21:04:34.213813
2026-06-02,3,1,CMP-RIO,RIO-CMP,semi leito,NOITE,84.9,152.35,1.2223,2026-05-20 21:04:34.213813
2026-06-02,3,1,CMP-SAO,CMP-SAO,semi leito,NOITE,28.05,59.75,1.4114,2026-05-20 21:04:34.213813
2026-06-02,3,1,CMP-SAO,SAO-CMP,semi leito,NOITE,26.9,62.27,1.1792,2026-05-20 21:04:34.213813
2026-06-02,3,1,CPC-FLN,CPC-FLN,semi leito,NOITE,114.9,136.4,1.0656,2026-05-20 21:04:34.213813
2026-06-02,3,1,CPC-FLN,FLN-CPC,semi leito,NOITE,135.8,175.33,1.1844,2026-05-20 21:04:34.213813
2026-06-02,3,1,GVS-SAO,SAO-GVS,semi leito,NOITE,137.73,202.41,1.1935849462365604,
2026-06-02,3,1,IPA-VIX,IPA-VIX,semi leito,NOITE,127.54,140.35,1.4058,2026-05-20 21:04:34.213813
2026-06-02,3,1,IPA-VIX,VIX-IPA,semi leito,NOITE,88.84,103.44,1.0895880952380959,
2026-06-02,3,1,JDF-SAO,JDF-SAO,semi leito,NOITE,114.11,122.5,1.2208189542483687,
2026-06-02,3,1,JDF-SAO,SAO-JDF,semi leito,NOITE,132.79,221.68,1.2991,2026-05-20 21:04:34.213813
2026-06-02,3,1,MCE-SAO,MCE-SAO,semi leito,NOITE,107.71,161.62,1.0,
2026-06-02,3,1,MCE-SAO,SAO-MCE,semi leito,NOITE,95.21,133.57,1.0,
2026-06-02,3,1,OLP-SAO,OLP-SAO,semi leito,NOITE,89.9,144.9,1.126366666666666,
2026-06-02,3,1,OLP-SAO,SAO-OLP,semi leito,NOITE,72.27,126.93,1.0,
2026-06-02,3,1,PAS-SAO,PAS-SAO,semi leito,NOITE,81.71,126.9,1.157894736842106,
2026-06-02,3,1,PAS-SAO,SAO-PAS,semi leito,NOITE,,119.37,1.0,
2026-06-02,3,1,PNV-SAO,SAO-PNV,semi leito,NOITE,160.07,242.36,1.2144,2026-05-20 21:04:34.213813
2026-06-02,3,1,QAK-SAO,QAK-SAO,semi leito,NOITE,121.01,156.79,1.1047,2026-05-20 21:04:34.213813
2026-06-02,3,1,QAK-SAO,SAO-QAK,semi leito,NOITE,169.82,216.32,1.5495,2026-05-20 21:04:34.213813
2026-06-02,3,1,QDC-SAO,QDC-SAO,semi leito,NOITE,126.72,179.9,1.1207692307692323,
2026-06-02,3,1,QDC-SAO,SAO-QDC,semi leito,NOITE,118.78,197.89,1.1789,2026-05-20 21:04:34.213813
2026-06-02,3,1,RAO-RIO,RIO-RAO,semi leito,NOITE,158.33,175.9,1.1056,2026-05-20 21:04:34.213813
2026-06-02,3,1,RAO-SAO,RAO-SAO,semi leito,NOITE,67.99,90.15,1.0434351046698884,
2026-06-02,3,1,RAO-SAO,SAO-RAO,semi leito,NOITE,,116.53,1.1686,2026-05-20 21:04:34.213813
2026-06-02,3,1,RIO-SAO,RIO-SAO,semi leito,NOITE,105.75,165.79,1.1602,2026-05-20 21:04:34.213813
2026-06-02,3,1,RIO-SAO,SAO-RIO,semi leito,NOITE,178.49,216.44,1.5289,2026-05-20 21:04:34.213813
2026-06-02,3,1,RIO-STS,RIO-STS,semi leito,NOITE,107.3,128.97,1.1802349206349207,
2026-06-02,3,1,RIO-UDI,RIO-UDI,semi leito,NOITE,188.55,296.43,1.2636,2026-05-20 21:04:34.213813
2026-06-02,3,1,RIO-UDI,UDI-RIO,semi leito,NOITE,243.42,319.9,1.3673,2026-05-20 21:04:34.213813
2026-06-02,3,1,RIO-VIX,RIO-VIX,semi leito,NOITE,125.85,139.89,1.1409,2026-05-20 21:04:34.213813
2026-06-02,3,1,RIO-VIX,VIX-RIO,semi leito,NOITE,125.64,169.54,1.1673,2026-05-20 21:04:34.213813
2026-06-02,3,1,SAO-SJK,SAO-SJK,semi leito,NOITE,,35.9,1.177356005165734,
2026-06-02,3,1,SAO-SJK,SJK-SAO,semi leito,NOITE,18.67,29.66,1.1118793103448283,
2026-06-02,3,1,SAO-SJP,SAO-SJP,semi leito,NOITE,126.12,138.68,1.1043,2026-05-20 21:04:34.213813
2026-06-02,3,1,SAO-SJP,SJP-SAO,semi leito,NOITE,116.0,134.39,1.1014,2026-05-20 21:04:34.213813
2026-06-02,3,1,SAO-UDI,SAO-UDI,semi leito,NOITE,,243.52,1.1785,2026-05-20 21:04:34.213813
2026-06-02,3,1,SAO-UDI,UDI-SAO,semi leito,NOITE,149.7,134.28,1.1465,2026-05-20 21:04:34.213813
2026-06-02,3,1,SAO-VIX,SAO-VIX,leito,NOITE,225.08,349.81,1.4198582887700548,
2026-06-02,3,1,SAO-VIX,VIX-SAO,leito,NOITE,206.67,298.83,1.0762,2026-05-20 21:04:34.213813
2026-06-02,3,1,BAT-SAO,BAT-SAO,semi leito,TARDE,74.19,126.95,1.0342,2026-05-20 21:04:34.213813
2026-06-02,3,1,BHZ-DTI,DTI-BHZ,semi leito,TARDE,69.83,115.37,1.0,
2026-06-02,3,1,BHZ-IPA,BHZ-IPA,semi leito,TARDE,61.46,75.91,1.0865082922456284,
2026-06-02,3,1,BHZ-IPA,IPA-BHZ,semi leito,TARDE,63.8,109.9,1.1448,2026-05-20 21:04:34.213813
2026-06-02,3,1,BHZ-MCL,BHZ-MCL,semi leito,TARDE,89.61,129.9,1.129865234375,
2026-06-02,3,1,BHZ-RIO,RIO-BHZ,semi leito,TARDE,76.06,99.92,1.0,
2026-06-02,3,1,BHZ-SJK,SJK-BHZ,semi leito,TARDE,163.23,137.09,1.2929961582196259,
2026-06-02,3,1,CAB-RIO,CAB-RIO,semi leito,TARDE,40.97,54.06,1.1765,2026-05-20 21:04:34.213813
2026-06-02,3,1,CGR-SAO,CGR-SAO,semi leito,TARDE,137.93,165.26,1.0,
2026-06-02,3,1,CGR-SAO,SAO-CGR,semi leito,TARDE,153.93,212.67,1.345057220496895,
2026-06-02,3,1,CMP-SAO,CMP-SAO,semi leito,TARDE,24.61,44.9,1.202024676225716,
2026-06-02,3,1,CMP-SAO,SAO-CMP,semi leito,TARDE,23.99,35.6,1.121124031007752,
2026-06-02,3,1,CMP-SJK,CMP-SJK,semi leito,TARDE,34.45,45.9,1.2111,2026-05-20 21:04:34.213813
2026-06-02,3,1,CRG-SAO,CRG-SAO,semi leito,TARDE,37.07,45.9,1.0,
2026-06-02,3,1,GVS-SAO,GVS-SAO,semi leito,TARDE,153.55,195.0,1.182,2026-05-20 21:04:34.213813
2026-06-02,3,1,MCL-RIO,MCL-RIO,semi leito,TARDE,149.32,256.34,1.1639,2026-05-20 21:04:34.213813
2026-06-02,3,1,MCL-SAO,MCL-SAO,semi leito,TARDE,145.15,200.24,1.1523,2026-05-20 21:04:34.213813
2026-06-02,3,1,MCL-SAO,SAO-MCL,semi leito,TARDE,142.5,211.25,1.2702,2026-05-20 21:04:34.213813
2026-06-02,3,1,PNV-SAO,PNV-SAO,semi leito,TARDE,146.02,256.17,1.1681,2026-05-20 21:04:34.213813
2026-06-02,3,1,RAO-RIO,RAO-RIO,semi leito,TARDE,180.55,299.47,1.4296776315789466,
2026-06-02,3,1,RAO-SAO,RAO-SAO,semi leito,TARDE,,85.9,1.0435714285714286,
2026-06-02,3,1,RAO-SAO,SAO-RAO,semi leito,TARDE,83.82,100.22,1.104,2026-05-20 21:04:34.213813
2026-06-02,3,1,RIO-SAO,SAO-RIO,leito,TARDE,208.79,192.47,1.0,
2026-06-02,3,1,SAO-SJK,SAO-SJK,semi leito,TARDE,14.9,24.04,1.0742047619047619,
2026-06-02,3,1,SAO-SJK,SJK-SAO,semi leito,TARDE,,26.9,1.1669522156084695,
2026-06-02,3,1,SAO-VIX,SAO-VIX,leito,TARDE,196.43,278.33,1.172,2026-05-20 21:04:34.213813
2026-06-02,3,1,SAO-VIX,VIX-SAO,leito,TARDE,209.57,286.9,1.1534,2026-05-20 21:04:34.213813
2026-06-03,4,2,CMP-SAO,CMP-SAO,semi leito,MADRUGADA,28.96,33.22,1.315,
2026-06-03,4,2,MCE-RIO,RIO-MCE,semi leito,MADRUGADA,42.6,61.9,1.2230282608695653,
2026-06-03,4,2,RAO-SAO,RAO-SAO,semi leito,MADRUGADA,98.9,97.11,1.3151112648556906,
2026-06-03,4,2,RAO-SAO,SAO-RAO,semi leito,MADRUGADA,,127.02,1.2857,2026-06-01 13:16:22.815443
2026-06-03,4,2,BHZ-IPA,BHZ-IPA,semi leito,MANHA,67.09,103.1,1.1781477777777767,
2026-06-03,4,2,BHZ-IPA,IPA-BHZ,semi leito,MANHA,71.19,101.51,1.0797381823821346,
2026-06-03,4,2,BHZ-MCL,BHZ-MCL,semi leito,MANHA,116.73,131.09,1.368,2026-05-21 21:27:11.648087
2026-06-03,4,2,BHZ-MCL,MCL-BHZ,semi leito,MANHA,124.69,143.21,1.4918,2026-05-21 21:27:11.648087
2026-06-03,4,2,BHZ-RIO,BHZ-RIO,semi leito,MANHA,183.61,252.58,1.8219942307692332,
2026-06-03,4,2,BHZ-RIO,RIO-BHZ,semi leito,MANHA,119.4,183.06,1.1773364485981312,
2026-06-03,4,2,BHZ-SAO,SAO-BHZ,semi leito,MANHA,81.19,167.65,1.4392841435185177,
2026-06-03,4,2,BRU-SAO,BRU-SAO,semi leito,MANHA,68.66,101.75,1.2090629391753729,
2026-06-03,4,2,BRU-SAO,SAO-BRU,semi leito,MANHA,,88.09,1.0,
2026-06-03,4,2,CAB-JDF,JDF-CAB,semi leito,MANHA,63.9,121.69,1.4499076086956506,
2026-06-03,4,2,CAB-RIO,CAB-RIO,semi leito,MANHA,37.19,45.9,1.0,
2026-06-03,4,2,CAB-RIO,RIO-CAB,semi leito,MANHA,48.61,64.51,1.0,
2026-06-03,4,2,CDG-RIO,CDG-RIO,semi leito,MANHA,83.66,159.89,1.0126,
2026-06-03,4,2,CDG-RIO,RIO-CDG,semi leito,MANHA,68.83,110.29,1.1754747474747473,
2026-06-03,4,2,CMP-SAO,CMP-SAO,semi leito,MANHA,24.9,46.49,1.02295,
2026-06-03,4,2,CMP-SAO,SAO-CMP,semi leito,MANHA,22.96,42.95,1.1345848491570558,
2026-06-03,4,2,CMP-SJK,SJK-CMP,semi leito,MANHA,33.04,42.9,1.1110389784946235,
2026-06-03,4,2,CRG-SAO,SAO-CRG,semi leito,MANHA,68.47,70.29,1.3289248669623064,
2026-06-03,4,2,MCE-RIO,MCE-RIO,semi leito,MANHA,36.49,55.01,1.0,
2026-06-03,4,2,RAO-SAO,RAO-SAO,semi leito,MANHA,72.28,89.9,1.1485,2026-06-01 13:21:39.730234
2026-06-03,4,2,RAO-SAO,SAO-RAO,semi leito,MANHA,,116.53,1.296,2026-06-01 13:16:22.815443
2026-06-03,4,2,RIO-SAO,RIO-SAO,semi leito,MANHA,72.4,91.9,1.0132255244755224,
2026-06-03,4,2,RIO-SAO,SAO-RIO,semi leito,MANHA,132.36,220.12,1.75558006055363,
2026-06-03,4,2,SAO-SJK,SAO-SJK,semi leito,MANHA,21.12,31.4,1.4282326953748008,
2026-06-03,4,2,SAO-SJK,SJK-SAO,semi leito,MANHA,23.45,31.9,1.1125560754391006,
2026-06-03,4,2,SAO-SJP,SJP-SAO,semi leito,MANHA,109.1,156.29,1.44,2026-05-18 21:14:04.089853
2026-06-03,4,2,ANG-BHZ,ANG-BHZ,semi leito,NOITE,134.79,197.51,1.2916666666666667,
2026-06-03,4,2,ANG-BHZ,BHZ-ANG,semi leito,NOITE,180.85,196.39,0.7256,2026-05-25 12:30:17.145433
2026-06-03,4,2,ARB-SAO,ARB-SAO,semi leito,NOITE,169.72,267.19,1.5947,2026-05-21 13:04:43.736372
2026-06-03,4,2,ARB-SAO,SAO-ARB,semi leito,NOITE,194.95,254.31,1.5293,2026-05-14 13:17:41.253059
2026-06-03,4,2,BAT-SAO,BAT-SAO,semi leito,NOITE,157.38,256.73,1.2343,2026-05-18 21:38:03.240909
2026-06-03,4,2,BAT-SAO,SAO-BAT,semi leito,NOITE,151.34,256.92,1.7429,2026-05-29 20:00:48.819096
2026-06-03,4,2,BHZ-BSB,BHZ-BSB,leito,NOITE,247.06,323.95,1.5707,2026-05-18 19:06:28.273784
2026-06-03,4,2,BHZ-BSB,BSB-BHZ,semi leito,NOITE,280.52,269.71,1.586138385826772,
2026-06-03,4,2,BHZ-CAB,BHZ-CAB,semi leito,NOITE,215.56,306.46,1.5924835504886012,
2026-06-03,4,2,BHZ-CAB,CAB-BHZ,semi leito,NOITE,117.03,136.41,1.0405649798051786,
2026-06-03,4,2,BHZ-CDG,BHZ-CDG,semi leito,NOITE,158.02,283.74,1.6360588475923326,
2026-06-03,4,2,BHZ-CDG,CDG-BHZ,semi leito,NOITE,144.36,237.09,1.6391585858585862,
2026-06-03,4,2,BHZ-CMP,BHZ-CMP,leito,NOITE,269.47,543.38,1.8857,2026-05-14 13:17:41.253059
2026-06-03,4,2,BHZ-CMP,CMP-BHZ,leito,NOITE,297.93,454.02,1.5077,2026-05-11 18:59:14.190175
2026-06-03,4,2,BHZ-DTI,BHZ-DTI,semi leito,NOITE,77.48,190.64,1.595592607621733,
2026-06-03,4,2,BHZ-GYN,BHZ-GYN,semi leito,NOITE,237.86,301.6,1.7331,2026-05-11 18:59:14.190175
2026-06-03,4,2,BHZ-GYN,GYN-BHZ,semi leito,NOITE,168.1,264.47,1.4421630681818172,
2026-06-03,4,2,BHZ-IPA,BHZ-IPA,semi leito,NOITE,119.1,183.81,1.448353647444058,
2026-06-03,4,2,BHZ-IPA,IPA-BHZ,semi leito,NOITE,112.82,149.71,1.2865804932735443,
2026-06-03,4,2,BHZ-MCE,BHZ-MCE,semi leito,NOITE,166.99,508.07,2.0999118852459,
2026-06-03,4,2,BHZ-MCE,MCE-BHZ,semi leito,NOITE,151.98,335.81,1.5946247771836024,
2026-06-03,4,2,BHZ-MCL,BHZ-MCL,semi leito,NOITE,178.59,198.63,1.5155,2026-05-21 21:27:11.648087
2026-06-03,4,2,BHZ-MCL,MCL-BHZ,semi leito,NOITE,161.69,186.76,1.3215,2026-05-21 21:27:11.648087
2026-06-03,4,2,BHZ-RAO,BHZ-RAO,semi leito,NOITE,271.26,325.53,1.534679080338262,
2026-06-03,4,2,BHZ-RAO,RAO-BHZ,semi leito,NOITE,237.67,362.07,1.494518442728443,
2026-06-03,4,2,BHZ-RIO,BHZ-RIO,semi leito,NOITE,223.2,273.86,1.2139,2026-05-27 20:44:22.059806
2026-06-03,4,2,BHZ-RIO,RIO-BHZ,semi leito,NOITE,161.33,232.57,1.5447489270386268,
2026-06-03,4,2,BHZ-SAO,BHZ-SAO,semi leito,NOITE,171.05,251.91,1.2562,2026-05-28 19:12:13.069354
2026-06-03,4,2,BHZ-SAO,SAO-BHZ,semi leito,NOITE,198.1,253.58,1.513,2026-05-14 13:17:41.253059
2026-06-03,4,2,BHZ-SJK,BHZ-SJK,semi leito,NOITE,281.79,278.08,1.3557,2026-06-01 14:55:26.156497
2026-06-03,4,2,BHZ-SJK,SJK-BHZ,semi leito,NOITE,198.66,266.88,1.451,2026-05-18 19:06:28.273784
2026-06-03,4,2,BHZ-UDI,BHZ-UDI,semi leito,NOITE,239.6,337.75,1.6461,2026-05-18 12:54:34.890321
2026-06-03,4,2,BHZ-UDI,UDI-BHZ,semi leito,NOITE,178.78,286.68,1.4527046818181788,
2026-06-03,4,2,BHZ-VIX,BHZ-VIX,semi leito,NOITE,222.68,311.33,1.7367260277938708,
2026-06-03,4,2,BHZ-VIX,VIX-BHZ,semi leito,NOITE,172.45,265.92,1.512455638586952,
2026-06-03,4,2,BOA-MAN,BOA-MAN,semi leito,NOITE,183.96,237.64,1.2631578947368407,
2026-06-03,4,2,BOA-MAN,MAN-BOA,semi leito,NOITE,172.95,258.02,1.2799350486269998,
2026-06-03,4,2,CAB-JDF,JDF-CAB,semi leito,NOITE,84.45,155.1,2.0961,2026-05-28 15:03:19.549469
2026-06-03,4,2,CAB-RIO,CAB-RIO,semi leito,NOITE,39.28,62.18,1.3484166666666666,
2026-06-03,4,2,CAB-RIO,RIO-CAB,semi leito,NOITE,53.68,107.06,1.5434,2026-05-29 21:03:52.993183
2026-06-03,4,2,CAB-SAO,CAB-SAO,semi leito,NOITE,140.87,228.21,1.0668590668590665,
2026-06-03,4,2,CAB-SAO,SAO-CAB,semi leito,NOITE,250.83,295.32,1.459,2026-05-27 17:19:02.574006
2026-06-03,4,2,CAB-VIX,CAB-VIX,semi leito,NOITE,78.73,176.26,1.1165799114331734,
2026-06-03,4,2,CAB-VIX,VIX-CAB,semi leito,NOITE,,146.3,1.0347,2026-06-01 14:59:50.845454
2026-06-03,4,2,CDG-RIO,CDG-RIO,semi leito,NOITE,76.02,143.34,1.097751923076923,
2026-06-03,4,2,CDG-RIO,RIO-CDG,semi leito,NOITE,82.13,152.85,1.0779407894736843,
2026-06-03,4,2,CGR-SAO,CGR-SAO,semi leito,NOITE,297.9,429.37,1.9562,2026-05-29 21:10:17.829184
2026-06-03,4,2,CGR-SAO,SAO-CGR,semi leito,NOITE,244.27,275.03,1.2761357638888906,
2026-06-03,4,2,CMP-GUR,CMP-GUR,semi leito,NOITE,104.24,129.9,1.1979614876033047,
2026-06-03,4,2,CMP-RIO,CMP-RIO,semi leito,NOITE,187.96,252.93,1.9905384694642214,
2026-06-03,4,2,CMP-RIO,RIO-CMP,semi leito,NOITE,155.9,195.18,1.4933,2026-05-14 13:17:41.253059
2026-06-03,4,2,CMP-SAO,CMP-SAO,semi leito,NOITE,36.29,61.24,1.8120563333333344,
2026-06-03,4,2,CMP-SAO,SAO-CMP,semi leito,NOITE,35.41,54.62,1.4870401234567912,
2026-06-03,4,2,CPC-FLN,CPC-FLN,semi leito,NOITE,190.99,241.26,1.4187,2026-06-01 12:51:51.907911
2026-06-03,4,2,CPC-FLN,FLN-CPC,semi leito,NOITE,171.67,305.94,1.653,2026-05-29 12:30:12.318979
2026-06-03,4,2,CRG-SAO,SAO-CRG,semi leito,NOITE,86.72,118.63,2.1942,2026-05-18 21:14:04.089853
2026-06-03,4,2,GVS-SAO,SAO-GVS,semi leito,NOITE,193.37,277.96,1.5634,2026-05-14 13:17:41.253059
2026-06-03,4,2,IPA-VIX,IPA-VIX,semi leito,NOITE,175.46,301.35,1.7313558139534868,
2026-06-03,4,2,IPA-VIX,VIX-IPA,semi leito,NOITE,144.63,262.73,1.4620590837282805,
2026-06-03,4,2,JDF-SAO,JDF-SAO,semi leito,NOITE,177.64,231.13,1.5098711740041932,
2026-06-03,4,2,JDF-SAO,SAO-JDF,semi leito,NOITE,223.36,258.22,1.821611855332163,
2026-06-03,4,2,MCE-RIO,MCE-RIO,semi leito,NOITE,40.43,65.83,1.0,
2026-06-03,4,2,MCE-RIO,RIO-MCE,semi leito,NOITE,45.59,86.66,1.2230282608695653,
2026-06-03,4,2,MCE-SAO,MCE-SAO,semi leito,NOITE,128.81,285.82,1.351,2026-05-29 12:50:41.325046
2026-06-03,4,2,MCE-SAO,SAO-MCE,semi leito,NOITE,146.02,286.7,1.5072545614035102,
2026-06-03,4,2,MCL-RIO,RIO-MCL,semi leito,NOITE,175.12,330.34,1.1619,2026-05-21 21:27:11.648087
2026-06-03,4,2,OLP-SAO,OLP-SAO,semi leito,NOITE,140.14,244.12,1.592151666666668,
2026-06-03,4,2,OLP-SAO,SAO-OLP,semi leito,NOITE,124.03,244.65,1.7153,2026-05-29 20:53:19.393129
2026-06-03,4,2,PAS-SAO,PAS-SAO,semi leito,NOITE,,254.03,1.489576923076922,
2026-06-03,4,2,PAS-SAO,SAO-PAS,semi leito,NOITE,187.65,269.13,1.992,
2026-06-03,4,2,PNV-SAO,SAO-PNV,semi leito,NOITE,230.53,378.11,1.565357932098768,
2026-06-03,4,2,QAK-SAO,QAK-SAO,semi leito,NOITE,196.85,289.86,1.7037,2026-05-18 19:06:28.273784
2026-06-03,4,2,QAK-SAO,SAO-QAK,semi leito,NOITE,228.79,288.93,1.7971,2026-05-11 18:59:14.190175
2026-06-03,4,2,QDC-SAO,QDC-SAO,semi leito,NOITE,165.63,242.48,1.2566,2026-05-14 13:17:41.253059
2026-06-03,4,2,QDC-SAO,SAO-QDC,semi leito,NOITE,182.45,256.24,1.4513938095238073,
2026-06-03,4,2,RAO-RIO,RAO-RIO,semi leito,NOITE,256.17,346.51,1.9456,2026-06-01 12:43:39.190715
2026-06-03,4,2,RAO-RIO,RIO-RAO,semi leito,NOITE,177.59,363.7,1.6420634920634902,
2026-06-03,4,2,RAO-SAO,RAO-SAO,semi leito,NOITE,,127.91,1.1243,2026-06-01 13:21:39.730234
2026-06-03,4,2,RAO-SAO,SAO-RAO,semi leito,NOITE,114.07,125.1,1.342,2026-06-01 13:13:08.112306
2026-06-03,4,2,RIO-SAO,RIO-SAO,semi leito,NOITE,153.51,200.4,1.525468421052634,
2026-06-03,4,2,RIO-SAO,SAO-RIO,semi leito,NOITE,247.45,265.18,1.7097,2026-05-25 23:14:53.670421
2026-06-03,4,2,RIO-STS,STS-RIO,semi leito,NOITE,205.42,254.48,1.5649,2026-05-18 12:54:34.890321
2026-06-03,4,2,RIO-UDI,RIO-UDI,semi leito,NOITE,233.94,316.32,1.4555834705075443,
2026-06-03,4,2,RIO-UDI,UDI-RIO,semi leito,NOITE,316.92,455.9,1.7264,2026-05-26 21:25:07.387947
2026-06-03,4,2,RIO-VIX,RIO-VIX,semi leito,NOITE,157.13,209.08,1.4662,2026-06-01 16:50:49.780113
2026-06-03,4,2,RIO-VIX,VIX-RIO,semi leito,NOITE,191.24,232.83,1.8202,2026-06-01 17:03:58.422789
2026-06-03,4,2,SAO-SJK,SAO-SJK,semi leito,NOITE,,55.68,1.4856142857142849,
2026-06-03,4,2,SAO-SJK,SJK-SAO,semi leito,NOITE,33.01,50.68,1.612782106782107,
2026-06-03,4,2,SAO-SJP,SAO-SJP,semi leito,NOITE,157.96,177.28,1.8230654970760212,
2026-06-03,4,2,SAO-SJP,SJP-SAO,semi leito,NOITE,149.88,178.0,1.4045,2026-05-14 13:17:41.253059
2026-06-03,4,2,SAO-UDI,SAO-UDI,semi leito,NOITE,213.76,246.38,1.5013651085434216,
2026-06-03,4,2,SAO-UDI,UDI-SAO,semi leito,NOITE,155.5,225.58,1.5529,2026-05-18 19:06:28.273784
2026-06-03,4,2,SAO-VIX,SAO-VIX,leito,NOITE,315.8,466.43,1.5305015151515147,
2026-06-03,4,2,SAO-VIX,VIX-SAO,leito,NOITE,319.56,427.21,1.3643,2026-05-26 20:43:51.879307
2026-06-03,4,2,BAT-SAO,BAT-SAO,semi leito,TARDE,91.79,237.74,1.2477664772727282,
2026-06-03,4,2,BHZ-DTI,BHZ-DTI,semi leito,TARDE,79.97,191.39,1.4342431761786607,
2026-06-03,4,2,BHZ-IPA,BHZ-IPA,semi leito,TARDE,103.59,148.39,1.488158132898492,
2026-06-03,4,2,BHZ-IPA,IPA-BHZ,semi leito,TARDE,89.39,215.07,1.284966893461664,
2026-06-03,4,2,BHZ-RIO,BHZ-RIO,semi leito,TARDE,121.17,271.72,1.6089066744730682,
2026-06-03,4,2,BHZ-SJK,SJK-BHZ,semi leito,TARDE,222.05,282.86,1.6328544600938977,
2026-06-03,4,2,BRU-SAO,BRU-SAO,semi leito,TARDE,,115.4,1.3692765415976091,
2026-06-03,4,2,BRU-SAO,SAO-BRU,semi leito,TARDE,70.87,120.45,1.1462,2026-05-29 21:07:30.898647
2026-06-03,4,2,CAB-JDF,CAB-JDF,semi leito,TARDE,47.46,75.71,1.0,
2026-06-03,4,2,CAB-RIO,CAB-RIO,semi leito,TARDE,37.21,43.61,1.0,
2026-06-03,4,2,CGR-SAO,CGR-SAO,semi leito,TARDE,176.13,415.87,1.3781,2026-05-29 21:10:17.829184
2026-06-03,4,2,CGR-SAO,SAO-CGR,semi leito,TARDE,166.36,350.66,1.7059051995798333,
2026-06-03,4,2,CMP-SAO,CMP-SAO,semi leito,TARDE,28.26,54.62,1.3031871428571447,
2026-06-03,4,2,CMP-SAO,SAO-CMP,semi leito,TARDE,30.92,57.13,1.4144037974683523,
2026-06-03,4,2,CMP-SJK,CMP-SJK,semi leito,TARDE,41.74,63.91,1.1645701357466076,
2026-06-03,4,2,CPC-FLN,CPC-FLN,leito,TARDE,177.9,301.16,1.0,
2026-06-03,4,2,CRG-SAO,CRG-SAO,semi leito,TARDE,38.28,54.5,1.1652022526146424,
2026-06-03,4,2,GVS-SAO,GVS-SAO,semi leito,TARDE,148.69,340.38,1.4847262826878507,
2026-06-03,4,2,MCL-RIO,MCL-RIO,semi leito,TARDE,250.83,329.9,1.562327347781219,
2026-06-03,4,2,MCL-SAO,MCL-SAO,semi leito,TARDE,231.78,371.85,1.6621,2026-05-21 21:27:11.648087
2026-06-03,4,2,MCL-SAO,SAO-MCL,semi leito,TARDE,196.79,284.28,1.5049,2026-05-21 21:27:11.648087
2026-06-03,4,2,PNV-SAO,PNV-SAO,semi leito,TARDE,245.53,358.98,1.6306238425925887,
2026-06-03,4,2,RAO-RIO,RAO-RIO,semi leito,TARDE,294.03,359.41,1.6998,2026-05-18 12:54:34.890321
2026-06-03,4,2,RAO-SAO,RAO-SAO,semi leito,TARDE,107.4,149.23,1.6696,2026-05-14 13:17:41.253059
2026-06-03,4,2,RAO-SAO,SAO-RAO,semi leito,TARDE,113.47,148.61,1.3512037383177524,
2026-06-03,4,2,RIO-SAO,SAO-RIO,semi leito,TARDE,142.47,207.68,1.6625,2026-05-21 13:04:43.736372
2026-06-03,4,2,SAO-SJK,SAO-SJK,semi leito,TARDE,29.31,47.4,1.6787888888888907,
2026-06-03,4,2,SAO-SJK,SJK-SAO,semi leito,TARDE,,38.52,1.3919273242630386,
2026-06-03,4,2,SAO-SJP,SJP-SAO,semi leito,TARDE,87.84,146.82,1.0233055555555555,
2026-06-03,4,2,SAO-VIX,SAO-VIX,semi leito,TARDE,209.49,255.73,1.2231,2026-05-22 13:23:13.912877
2026-06-03,4,2,SAO-VIX,VIX-SAO,leito,TARDE,308.85,580.04,1.5509,2026-05-26 20:43:51.879307
2026-06-04,5,3,CMP-SAO,CMP-SAO,semi leito,MADRUGADA,25.05,39.73,1.2489130434782607,
2026-06-04,5,3,MCE-RIO,RIO-MCE,semi leito,MADRUGADA,47.9,87.02,1.751628571428572,
2026-06-04,5,3,RAO-SAO,RAO-SAO,semi leito,MADRUGADA,127.75,149.49,1.6495334092913838,
2026-06-04,5,3,RAO-SAO,SAO-RAO,semi leito,MADRUGADA,,149.25,1.8518861788617875,
2026-06-04,5,3,RIO-SAO,RIO-SAO,semi leito,MADRUGADA,142.15,181.58,1.7511512413108274,
2026-06-04,5,3,BAT-SAO,BAT-SAO,semi leito,MANHA,98.67,167.09,1.2231137474120084,
2026-06-04,5,3,BAT-SAO,SAO-BAT,semi leito,MANHA,113.74,221.64,1.6403,2026-05-18 21:38:03.240909
2026-06-04,5,3,BHZ-DTI,BHZ-DTI,semi leito,MANHA,81.29,190.22,1.7564347328244305,
2026-06-04,5,3,BHZ-DTI,DTI-BHZ,semi leito,MANHA,99.17,157.09,1.3453476265822746,
2026-06-04,5,3,BHZ-IPA,BHZ-IPA,semi leito,MANHA,113.84,149.71,1.4992348907635713,
2026-06-04,5,3,BHZ-IPA,IPA-BHZ,semi leito,MANHA,86.36,107.0,1.2546504098360658,
2026-06-04,5,3,BHZ-MCL,BHZ-MCL,semi leito,MANHA,130.69,178.57,1.6292499999999992,
2026-06-04,5,3,BHZ-MCL,MCL-BHZ,semi leito,MANHA,97.12,111.91,1.1049710105416217,
2026-06-04,5,3,BHZ-RIO,BHZ-RIO,semi leito,MANHA,164.64,201.81,1.4163519856954627,
2026-06-04,5,3,BHZ-RIO,RIO-BHZ,semi leito,MANHA,102.98,162.65,1.1979166666666665,
2026-06-04,5,3,BHZ-SAO,BHZ-SAO,semi leito,MANHA,104.05,185.17,1.3263804721030041,
2026-06-04,5,3,BRU-SAO,BRU-SAO,semi leito,MANHA,71.76,144.25,1.3151195652173908,
2026-06-04,5,3,BRU-SAO,SAO-BRU,semi leito,MANHA,,108.02,1.1272750668449194,
2026-06-04,5,3,CAB-JDF,JDF-CAB,semi leito,MANHA,84.31,119.3,1.4979426232993212,
2026-06-04,5,3,CAB-RIO,CAB-RIO,semi leito,MANHA,41.83,54.89,1.1140255952380953,
2026-06-04,5,3,CAB-RIO,RIO-CAB,semi leito,MANHA,77.27,101.27,1.6994323453608295,
2026-06-04,5,3,CDG-RIO,CDG-RIO,semi leito,MANHA,105.9,132.91,1.566025712553065,
2026-06-04,5,3,CDG-RIO,RIO-CDG,semi leito,MANHA,95.87,157.95,1.31904625,
2026-06-04,5,3,CMP-SAO,CMP-SAO,semi leito,MANHA,31.1,57.09,1.44534700854701,
2026-06-04,5,3,CMP-SAO,SAO-CMP,semi leito,MANHA,34.59,64.16,1.7275811154002443,
2026-06-04,5,3,CMP-SJK,SJK-CMP,semi leito,MANHA,38.72,58.79,1.39494714673913,
2026-06-04,5,3,CRG-SAO,CRG-SAO,semi leito,MANHA,,70.79,1.2143348214285712,
2026-06-04,5,3,CRG-SAO,SAO-CRG,semi leito,MANHA,101.72,129.09,1.9802,2026-05-18 21:14:04.089853
2026-06-04,5,3,MCE-RIO,MCE-RIO,semi leito,MANHA,49.14,86.66,1.2353903890160178,
2026-06-04,5,3,OLP-SAO,OLP-SAO,semi leito,MANHA,80.14,176.27,1.1999999999999997,
2026-06-04,5,3,OLP-SAO,SAO-OLP,semi leito,MANHA,118.59,199.7,1.6461132275132269,
2026-06-04,5,3,RAO-SAO,RAO-SAO,semi leito,MANHA,88.8,149.05,1.6874,2026-05-18 19:41:29.212361
2026-06-04,5,3,RAO-SAO,SAO-RAO,semi leito,MANHA,,148.63,1.6005,2026-05-14 13:20:44.790616
2026-06-04,5,3,RIO-SAO,RIO-SAO,semi leito,MANHA,100.97,125.59,1.3958192335677921,
2026-06-04,5,3,RIO-SAO,SAO-RIO,semi leito,MANHA,144.13,171.9,1.9072041764705803,
2026-06-04,5,3,SAO-SJK,SAO-SJK,semi leito,MANHA,30.61,50.57,1.8276616791979945,
2026-06-04,5,3,SAO-SJK,SJK-SAO,semi leito,MANHA,22.9,43.94,1.2536732804232802,
2026-06-04,5,3,SAO-SJP,SJP-SAO,semi leito,MANHA,113.58,143.1,1.3165018219677258,
2026-06-04,5,3,ANG-BHZ,ANG-BHZ,semi leito,NOITE,116.65,145.26,1.0,
2026-06-04,5,3,ANG-BHZ,BHZ-ANG,semi leito,NOITE,148.82,189.9,1.021875661375661,
2026-06-04,5,3,ARB-SAO,ARB-SAO,semi leito,NOITE,129.86,135.35,1.0,
2026-06-04,5,3,ARB-SAO,SAO-ARB,semi leito,NOITE,114.68,134.39,1.0358156934306568,
2026-06-04,5,3,BAT-SAO,BAT-SAO,semi leito,NOITE,111.05,157.4,1.046537094547964,
2026-06-04,5,3,BAT-SAO,SAO-BAT,semi leito,NOITE,88.33,152.03,1.0616,2026-05-14 13:20:44.790616
2026-06-04,5,3,BHZ-BSB,BHZ-BSB,semi leito,NOITE,164.23,134.56,1.407772035510462,
2026-06-04,5,3,BHZ-BSB,BSB-BHZ,leito,NOITE,160.58,187.12,1.1957671957671996,
2026-06-04,5,3,BHZ-CAB,BHZ-CAB,semi leito,NOITE,138.64,176.72,1.3274773195876277,
2026-06-04,5,3,BHZ-CAB,CAB-BHZ,semi leito,NOITE,111.28,135.56,1.0,
2026-06-04,5,3,BHZ-CDG,BHZ-CDG,semi leito,NOITE,100.28,154.91,1.1526426553672326,
2026-06-04,5,3,BHZ-CDG,CDG-BHZ,semi leito,NOITE,104.79,141.65,1.0,
2026-06-04,5,3,BHZ-CMP,BHZ-CMP,semi leito,NOITE,127.54,151.19,1.2334685668156984,
2026-06-04,5,3,BHZ-CMP,CMP-BHZ,semi leito,NOITE,,117.68,1.0533862111043288,
2026-06-04,5,3,BHZ-DTI,BHZ-DTI,semi leito,NOITE,72.9,102.9,1.2836423275178421,
2026-06-04,5,3,BHZ-DTI,DTI-BHZ,semi leito,NOITE,58.4,98.07,1.0,
2026-06-04,5,3,BHZ-GYN,BHZ-GYN,semi leito,NOITE,147.34,244.61,1.6799,2026-05-21 16:21:34.642874
2026-06-04,5,3,BHZ-GYN,GYN-BHZ,semi leito,NOITE,141.47,123.09,1.0,
2026-06-04,5,3,BHZ-IPA,BHZ-IPA,semi leito,NOITE,65.43,107.0,1.1015866418527707,
2026-06-04,5,3,BHZ-IPA,IPA-BHZ,semi leito,NOITE,66.07,76.43,1.0,
2026-06-04,5,3,BHZ-MCE,MCE-BHZ,semi leito,NOITE,133.97,230.25,1.0,
2026-06-04,5,3,BHZ-MCL,BHZ-MCL,semi leito,NOITE,100.95,104.81,1.0,
2026-06-04,5,3,BHZ-MCL,MCL-BHZ,semi leito,NOITE,107.41,105.9,1.0,
2026-06-04,5,3,BHZ-RAO,BHZ-RAO,semi leito,NOITE,147.21,176.88,1.107750326797385,
2026-06-04,5,3,BHZ-RAO,RAO-BHZ,semi leito,NOITE,166.72,158.04,1.1196316635160695,
2026-06-04,5,3,BHZ-RIO,BHZ-RIO,semi leito,NOITE,111.74,129.9,1.1109583245187253,
2026-06-04,5,3,BHZ-RIO,RIO-BHZ,semi leito,NOITE,98.87,104.9,1.0,
2026-06-04,5,3,BHZ-SAO,BHZ-SAO,semi leito,NOITE,117.29,158.1,1.0,
2026-06-04,5,3,BHZ-SAO,SAO-BHZ,semi leito,NOITE,103.81,119.9,1.0,
2026-06-04,5,3,BHZ-SJK,BHZ-SJK,semi leito,NOITE,148.3,197.37,1.2467800855085482,
2026-06-04,5,3,BHZ-SJK,SJK-BHZ,semi leito,NOITE,117.54,130.75,1.1767332902892547,
2026-06-04,5,3,BHZ-UDI,BHZ-UDI,semi leito,NOITE,131.25,165.8,1.1915573887163555,
2026-06-04,5,3,BHZ-UDI,UDI-BHZ,semi leito,NOITE,117.54,136.9,1.0364275165762513,
2026-06-04,5,3,BHZ-VIX,BHZ-VIX,semi leito,NOITE,115.18,142.03,1.1305776918587684,
2026-06-04,5,3,BHZ-VIX,VIX-BHZ,semi leito,NOITE,100.0,110.07,1.0,
2026-06-04,5,3,BOA-MAN,BOA-MAN,semi leito,NOITE,160.34,194.53,1.1,
2026-06-04,5,3,BOA-MAN,MAN-BOA,semi leito,NOITE,136.9,199.9,1.2963817189249713,
2026-06-04,5,3,CAB-JDF,JDF-CAB,semi leito,NOITE,63.47,84.76,1.08475,
2026-06-04,5,3,CAB-RIO,CAB-RIO,semi leito,NOITE,38.9,47.61,1.1893040540540543,
2026-06-04,5,3,CAB-RIO,RIO-CAB,semi leito,NOITE,62.83,75.55,1.6553749999999994,
2026-06-04,5,3,CAB-SAO,CAB-SAO,semi leito,NOITE,103.29,111.05,1.0,
2026-06-04,5,3,CAB-SAO,SAO-CAB,semi leito,NOITE,124.92,140.7,1.0895114467102738,
2026-06-04,5,3,CAB-VIX,CAB-VIX,semi leito,NOITE,,95.9,1.0,
2026-06-04,5,3,CAB-VIX,VIX-CAB,semi leito,NOITE,90.55,114.86,1.034,
2026-06-04,5,3,CDG-RIO,CDG-RIO,semi leito,NOITE,63.29,87.99,1.0,
2026-06-04,5,3,CDG-RIO,RIO-CDG,semi leito,NOITE,70.15,96.49,1.0342857142857143,
2026-06-04,5,3,CGR-SAO,CGR-SAO,semi leito,NOITE,175.38,227.94,1.100359477124183,
2026-06-04,5,3,CMP-RIO,CMP-RIO,semi leito,NOITE,137.14,146.13,1.1762129494528433,
2026-06-04,5,3,CMP-RIO,RIO-CMP,semi leito,NOITE,115.82,108.5,1.3355,2026-05-14 13:20:44.790616
2026-06-04,5,3,CMP-SAO,CMP-SAO,semi leito,NOITE,20.73,45.9,1.0901604567307692,
2026-06-04,5,3,CMP-SAO,SAO-CMP,semi leito,NOITE,22.99,48.78,1.146440677966101,
2026-06-04,5,3,CPC-FLN,CPC-FLN,semi leito,NOITE,150.73,157.9,1.168741721854305,
2026-06-04,5,3,CPC-FLN,FLN-CPC,semi leito,NOITE,144.34,143.9,1.064003333333332,
2026-06-04,5,3,CRG-SAO,SAO-CRG,semi leito,NOITE,52.26,77.9,1.7622,2026-05-18 21:14:04.089853
2026-06-04,5,3,GVS-SAO,SAO-GVS,semi leito,NOITE,139.55,148.09,1.0353061300309605,
2026-06-04,5,3,IPA-VIX,IPA-VIX,semi leito,NOITE,132.3,149.52,1.1887477064220184,
2026-06-04,5,3,IPA-VIX,VIX-IPA,semi leito,NOITE,95.35,129.9,1.1705623376623377,
2026-06-04,5,3,JDF-SAO,JDF-SAO,semi leito,NOITE,107.21,112.41,1.0253170731707304,
2026-06-04,5,3,JDF-SAO,SAO-JDF,semi leito,NOITE,102.94,129.22,1.111321613088403,
2026-06-04,5,3,MCE-RIO,MCE-RIO,semi leito,NOITE,30.76,49.9,1.0,
2026-06-04,5,3,MCE-RIO,RIO-MCE,semi leito,NOITE,42.22,86.97,1.2835102484472043,
2026-06-04,5,3,MCE-SAO,MCE-SAO,semi leito,NOITE,131.86,237.83,1.0862,2026-05-18 19:41:29.212361
2026-06-04,5,3,MCE-SAO,SAO-MCE,semi leito,NOITE,118.79,205.05,1.1767480158730148,
2026-06-04,5,3,MCL-RIO,RIO-MCL,semi leito,NOITE,106.42,180.9,1.0,
2026-06-04,5,3,OLP-SAO,SAO-OLP,semi leito,NOITE,74.9,124.27,1.1986928104575139,
2026-06-04,5,3,PAS-SAO,PAS-SAO,semi leito,NOITE,72.58,149.26,1.0,
2026-06-04,5,3,PAS-SAO,SAO-PAS,semi leito,NOITE,,131.44,1.0,
2026-06-04,5,3,PNV-SAO,SAO-PNV,semi leito,NOITE,149.1,197.45,1.2988012557077588,
2026-06-04,5,3,QAK-SAO,QAK-SAO,semi leito,NOITE,93.78,127.3,1.0,
2026-06-04,5,3,QAK-SAO,SAO-QAK,semi leito,NOITE,136.73,203.82,1.179308585858587,
2026-06-04,5,3,QDC-SAO,QDC-SAO,semi leito,NOITE,118.57,180.37,1.1480196969696979,
2026-06-04,5,3,QDC-SAO,SAO-QDC,semi leito,NOITE,124.02,170.01,1.17981749865808,
2026-06-04,5,3,RAO-RIO,RIO-RAO,semi leito,NOITE,127.61,181.07,1.083980685763889,
2026-06-04,5,3,RAO-SAO,RAO-SAO,semi leito,NOITE,,95.46,1.0,
2026-06-04,5,3,RAO-SAO,SAO-RAO,semi leito,NOITE,71.72,90.9,1.0,
2026-06-04,5,3,RIO-SAO,RIO-SAO,semi leito,NOITE,95.13,104.9,1.0,
2026-06-04,5,3,RIO-SAO,SAO-RIO,semi leito,NOITE,130.02,128.97,1.2981582877053282,
2026-06-04,5,3,RIO-STS,RIO-STS,semi leito,NOITE,116.62,123.9,1.0712250712250724,
2026-06-04,5,3,RIO-STS,STS-RIO,semi leito,NOITE,,165.96,1.3775502302631568,
2026-06-04,5,3,RIO-UDI,RIO-UDI,semi leito,NOITE,154.9,201.19,1.0181586505190319,
2026-06-04,5,3,RIO-UDI,UDI-RIO,semi leito,NOITE,205.8,240.3,1.110861927300267,
2026-06-04,5,3,RIO-VIX,RIO-VIX,semi leito,NOITE,92.49,116.75,1.0,
2026-06-04,5,3,RIO-VIX,VIX-RIO,semi leito,NOITE,126.34,164.78,1.1201,2026-05-14 13:20:44.790616
2026-06-04,5,3,SAO-SJK,SAO-SJK,semi leito,NOITE,,34.11,1.1327195121951221,
2026-06-04,5,3,SAO-SJK,SJK-SAO,semi leito,NOITE,21.19,32.9,1.2380952380952377,
2026-06-04,5,3,SAO-SJP,SAO-SJP,semi leito,NOITE,100.22,120.9,1.09332056704261,
2026-06-04,5,3,SAO-SJP,SJP-SAO,semi leito,NOITE,110.14,125.9,1.1427,2026-05-21 13:04:43.736372
2026-06-04,5,3,SAO-UDI,SAO-UDI,semi leito,NOITE,96.12,122.75,1.023696393762183,
2026-06-04,5,3,SAO-UDI,UDI-SAO,semi leito,NOITE,120.76,152.78,1.1668,2026-05-18 19:41:29.212361
2026-06-04,5,3,SAO-VIX,SAO-VIX,leito,NOITE,191.16,318.27,1.0526071428571429,
2026-06-04,5,3,SAO-VIX,VIX-SAO,leito,NOITE,266.0,370.14,1.1943,2026-05-21 21:27:11.648087
2026-06-04,5,3,BAT-SAO,BAT-SAO,semi leito,TARDE,80.04,152.9,1.2332643202208413,
2026-06-04,5,3,BHZ-DTI,BHZ-DTI,semi leito,TARDE,118.47,153.82,1.6165045454545464,
2026-06-04,5,3,BHZ-DTI,DTI-BHZ,semi leito,TARDE,,121.16,1.218095505617976,
2026-06-04,5,3,BHZ-IPA,BHZ-IPA,semi leito,TARDE,71.37,111.27,1.1651513333333308,
2026-06-04,5,3,BHZ-IPA,IPA-BHZ,semi leito,TARDE,56.2,117.9,1.0131160881801127,
2026-06-04,5,3,BHZ-MCL,MCL-BHZ,semi leito,TARDE,83.36,158.29,1.1845003501400566,
2026-06-04,5,3,BHZ-RIO,BHZ-RIO,semi leito,TARDE,101.07,217.41,1.2743864406779668,
2026-06-04,5,3,BHZ-SJK,SJK-BHZ,semi leito,TARDE,239.68,158.38,1.5241999999999998,
2026-06-04,5,3,BRU-SAO,BRU-SAO,semi leito,TARDE,,88.26,1.1575597826086954,
2026-06-04,5,3,BRU-SAO,SAO-BRU,semi leito,TARDE,51.4,76.9,1.1272750668449194,
2026-06-04,5,3,CAB-JDF,CAB-JDF,semi leito,TARDE,49.31,75.9,1.0,
2026-06-04,5,3,CAB-RIO,CAB-RIO,semi leito,TARDE,37.45,48.9,1.0660336257309952,
2026-06-04,5,3,CGR-SAO,CGR-SAO,semi leito,TARDE,179.99,217.41,1.083528366013072,
2026-06-04,5,3,CGR-SAO,SAO-CGR,semi leito,TARDE,161.08,164.9,1.149531054131055,
2026-06-04,5,3,CMP-GUR,GUR-CMP,semi leito,TARDE,79.9,86.32,1.0,
2026-06-04,5,3,CMP-SAO,CMP-SAO,semi leito,TARDE,29.92,54.9,1.5508552173913026,
2026-06-04,5,3,CMP-SAO,SAO-CMP,semi leito,TARDE,30.09,64.14,1.3527681818181825,
2026-06-04,5,3,CMP-SJK,CMP-SJK,semi leito,TARDE,27.94,44.99,1.022702702702703,
2026-06-04,5,3,CPC-FLN,CPC-FLN,leito,TARDE,170.21,176.74,1.0,
2026-06-04,5,3,CRG-SAO,CRG-SAO,semi leito,TARDE,42.4,45.9,1.0456098130841127,
2026-06-04,5,3,GVS-SAO,GVS-SAO,semi leito,TARDE,173.51,190.66,1.0,
2026-06-04,5,3,MCL-RIO,MCL-RIO,semi leito,TARDE,120.69,246.29,1.112,2026-05-21 21:27:11.648087
2026-06-04,5,3,MCL-SAO,MCL-SAO,semi leito,TARDE,163.4,250.16,1.2657,2026-05-21 21:27:11.648087
2026-06-04,5,3,MCL-SAO,SAO-MCL,semi leito,TARDE,144.06,202.56,1.1174105263157899,
2026-06-04,5,3,PNV-SAO,PNV-SAO,semi leito,TARDE,159.19,243.09,1.1396946564885495,
2026-06-04,5,3,RAO-RIO,RAO-RIO,semi leito,TARDE,214.96,253.46,1.3135578947368398,
2026-06-04,5,3,RAO-SAO,RAO-SAO,semi leito,TARDE,81.25,114.54,1.2183477229601565,
2026-06-04,5,3,RAO-SAO,SAO-RAO,semi leito,TARDE,103.55,115.81,1.4805,2026-05-20 11:45:20.423408
2026-06-04,5,3,RIO-SAO,SAO-RIO,leito,TARDE,188.9,250.88,1.8888773913043497,
2026-06-04,5,3,SAO-SJK,SAO-SJK,semi leito,TARDE,26.61,45.74,1.55775,
2026-06-04,5,3,SAO-SJK,SJK-SAO,semi leito,TARDE,,40.14,1.4610123106060602,
2026-06-04,5,3,SAO-SJP,SJP-SAO,semi leito,TARDE,76.08,151.69,1.3191229662077588,
2026-06-04,5,3,SAO-VIX,SAO-VIX,semi leito,TARDE,205.63,240.86,1.0393277918781727,
2026-06-04,5,3,SAO-VIX,VIX-SAO,semi leito,TARDE,265.13,351.68,1.1633,2026-05-21 21:27:11.648087
2026-06-05,6,4,CMP-SAO,CMP-SAO,semi leito,MADRUGADA,27.0,36.65,1.3291606138107412,
2026-06-05,6,4,MCE-RIO,RIO-MCE,semi leito,MADRUGADA,32.72,54.5,1.19460119047619,
2026-06-05,6,4,RAO-SAO,RAO-SAO,semi leito,MADRUGADA,81.7,103.68,1.0,
2026-06-05,6,4,RAO-SAO,SAO-RAO,semi leito,MADRUGADA,,98.92,1.0,
2026-06-05,6,4,RIO-SAO,RIO-SAO,leito,MADRUGADA,,143.75,1.014977358490566,
2026-06-05,6,4,RIO-SAO,SAO-RIO,semi leito,MADRUGADA,121.1,126.95,1.0516372767857143,
2026-06-05,6,4,BAT-SAO,BAT-SAO,semi leito,MANHA,79.98,117.71,1.0,
2026-06-05,6,4,BAT-SAO,SAO-BAT,semi leito,MANHA,70.5,141.16,1.0,
2026-06-05,6,4,BHZ-DTI,BHZ-DTI,semi leito,MANHA,66.14,104.9,1.0,
2026-06-05,6,4,BHZ-DTI,DTI-BHZ,semi leito,MANHA,68.15,85.41,1.0,
2026-06-05,6,4,BHZ-IPA,BHZ-IPA,semi leito,MANHA,59.63,84.95,1.0990152263374477,
2026-06-05,6,4,BHZ-IPA,IPA-BHZ,semi leito,MANHA,66.54,84.95,1.0,
2026-06-05,6,4,BHZ-MCL,BHZ-MCL,semi leito,MANHA,88.23,97.99,1.0272769301895524,
2026-06-05,6,4,BHZ-MCL,MCL-BHZ,semi leito,MANHA,96.23,97.66,1.0128636363636363,
2026-06-05,6,4,BHZ-RIO,BHZ-RIO,semi leito,MANHA,87.98,116.75,1.1004722013523676,
2026-06-05,6,4,BHZ-RIO,RIO-BHZ,semi leito,MANHA,91.7,95.9,1.0,
2026-06-05,6,4,BHZ-SAO,SAO-BHZ,semi leito,MANHA,70.07,109.03,1.0,
2026-06-05,6,4,BRU-SAO,BRU-SAO,semi leito,MANHA,68.43,101.27,1.0,
2026-06-05,6,4,BRU-SAO,SAO-BRU,semi leito,MANHA,,83.9,1.1070622448979606,
2026-06-05,6,4,CAB-RIO,CAB-RIO,semi leito,MANHA,39.83,52.4,1.002823626373628,
2026-06-05,6,4,CAB-RIO,RIO-CAB,semi leito,MANHA,47.57,57.9,1.025390350877193,
2026-06-05,6,4,CDG-RIO,CDG-RIO,semi leito,MANHA,81.33,108.55,1.107322890025575,
2026-06-05,6,4,CDG-RIO,RIO-CDG,semi leito,MANHA,74.62,117.02,1.056043427230048,
2026-06-05,6,4,CMP-SAO,CMP-SAO,semi leito,MANHA,24.36,50.3,1.2536373983739852,
2026-06-05,6,4,CMP-SAO,SAO-CMP,semi leito,MANHA,23.23,45.9,1.2645582329317284,
2026-06-05,6,4,CMP-SJK,SJK-CMP,semi leito,MANHA,31.0,41.9,1.1598792207792201,
2026-06-05,6,4,CRG-SAO,CRG-SAO,semi leito,MANHA,,45.9,1.0,
2026-06-05,6,4,CRG-SAO,SAO-CRG,semi leito,MANHA,63.4,63.9,1.1349321705426332,
2026-06-05,6,4,MCE-RIO,MCE-RIO,semi leito,MANHA,48.94,86.75,1.4608,2026-05-18 21:14:04.089853
2026-06-05,6,4,OLP-SAO,OLP-SAO,semi leito,MANHA,69.4,134.9,1.2092018745493875,
2026-06-05,6,4,RAO-SAO,RAO-SAO,semi leito,MANHA,66.38,95.74,1.0099810426540285,
2026-06-05,6,4,RAO-SAO,SAO-RAO,semi leito,MANHA,,87.9,1.0150373134328359,
2026-06-05,6,4,RIO-SAO,RIO-SAO,semi leito,MANHA,69.91,89.9,1.0,
2026-06-05,6,4,RIO-SAO,SAO-RIO,semi leito,MANHA,89.3,100.61,1.1733986607142872,
2026-06-05,6,4,SAO-SJK,SAO-SJK,semi leito,MANHA,17.9,30.9,1.1957053487592215,
2026-06-05,6,4,SAO-SJK,SJK-SAO,semi leito,MANHA,20.57,41.46,1.274747247545583,
2026-06-05,6,4,SAO-SJP,SAO-SJP,semi leito,MANHA,64.02,102.9,1.088047761582509,
2026-06-05,6,4,SAO-SJP,SJP-SAO,semi leito,MANHA,71.59,107.0,1.0224391534391535,
2026-06-05,6,4,ANG-BHZ,ANG-BHZ,semi leito,NOITE,131.07,152.86,1.0,
2026-06-05,6,4,ANG-BHZ,BHZ-ANG,semi leito,NOITE,142.19,143.58,1.0,
2026-06-05,6,4,ARB-SAO,ARB-SAO,semi leito,NOITE,121.1,128.16,1.0,
2026-06-05,6,4,ARB-SAO,SAO-ARB,semi leito,NOITE,113.05,110.92,1.0,
2026-06-05,6,4,BAT-SAO,BAT-SAO,semi leito,NOITE,87.9,135.09,1.0,
2026-06-05,6,4,BAT-SAO,SAO-BAT,semi leito,NOITE,67.95,117.05,1.0,
2026-06-05,6,4,BHZ-BSB,BHZ-BSB,leito,NOITE,154.96,175.04,1.0,
2026-06-05,6,4,BHZ-BSB,BSB-BHZ,semi leito,NOITE,160.4,134.3,1.0419315068493167,
2026-06-05,6,4,BHZ-CAB,BHZ-CAB,semi leito,NOITE,118.72,136.65,1.0,
2026-06-05,6,4,BHZ-CAB,CAB-BHZ,semi leito,NOITE,109.67,135.9,1.0,
2026-06-05,6,4,BHZ-CDG,BHZ-CDG,semi leito,NOITE,93.97,127.9,1.0,
2026-06-05,6,4,BHZ-CDG,CDG-BHZ,semi leito,NOITE,97.76,126.27,1.0351583333333327,
2026-06-05,6,4,BHZ-CMP,BHZ-CMP,semi leito,NOITE,,100.61,1.0,
2026-06-05,6,4,BHZ-CMP,CMP-BHZ,semi leito,NOITE,95.15,100.61,1.0,
2026-06-05,6,4,BHZ-DTI,BHZ-DTI,semi leito,NOITE,62.7,89.68,1.0,
2026-06-05,6,4,BHZ-DTI,DTI-BHZ,semi leito,NOITE,50.4,94.91,1.0,
2026-06-05,6,4,BHZ-GYN,BHZ-GYN,semi leito,NOITE,106.04,117.51,1.0,
2026-06-05,6,4,BHZ-GYN,GYN-BHZ,semi leito,NOITE,114.44,111.18,1.0,
2026-06-05,6,4,BHZ-IPA,BHZ-IPA,semi leito,NOITE,69.18,94.91,1.0339951219512196,
2026-06-05,6,4,BHZ-IPA,IPA-BHZ,semi leito,NOITE,68.69,76.62,1.0,
2026-06-05,6,4,BHZ-MCE,BHZ-MCE,semi leito,NOITE,133.78,182.44,1.0,
2026-06-05,6,4,BHZ-MCL,BHZ-MCL,semi leito,NOITE,95.26,96.51,1.0,
2026-06-05,6,4,BHZ-MCL,MCL-BHZ,semi leito,NOITE,98.06,97.43,1.0,
2026-06-05,6,4,BHZ-RAO,BHZ-RAO,semi leito,NOITE,147.19,158.5,1.0,
2026-06-05,6,4,BHZ-RAO,RAO-BHZ,semi leito,NOITE,132.44,149.35,1.0,
2026-06-05,6,4,BHZ-RIO,BHZ-RIO,semi leito,NOITE,96.64,106.31,1.0,
2026-06-05,6,4,BHZ-RIO,RIO-BHZ,semi leito,NOITE,82.84,94.41,1.0,
2026-06-05,6,4,BHZ-SAO,BHZ-SAO,semi leito,NOITE,105.37,118.71,1.0018014403292181,
2026-06-05,6,4,BHZ-SAO,SAO-BHZ,semi leito,NOITE,106.49,119.61,1.0,
2026-06-05,6,4,BHZ-SJK,BHZ-SJK,semi leito,NOITE,135.6,126.45,1.0337559440559443,
2026-06-05,6,4,BHZ-SJK,SJK-BHZ,semi leito,NOITE,142.9,119.1,1.0,
2026-06-05,6,4,BHZ-UDI,BHZ-UDI,semi leito,NOITE,115.9,125.9,1.0,
2026-06-05,6,4,BHZ-UDI,UDI-BHZ,semi leito,NOITE,107.01,138.61,1.0,
2026-06-05,6,4,BHZ-VIX,BHZ-VIX,semi leito,NOITE,103.59,109.57,1.0084383458646617,
2026-06-05,6,4,BHZ-VIX,VIX-BHZ,semi leito,NOITE,98.85,104.34,1.0,
2026-06-05,6,4,BOA-MAN,BOA-MAN,semi leito,NOITE,158.15,215.56,1.1,
2026-06-05,6,4,BOA-MAN,MAN-BOA,semi leito,NOITE,132.3,170.91,1.1,
2026-06-05,6,4,CAB-JDF,CAB-JDF,semi leito,NOITE,48.2,66.2,1.0,
2026-06-05,6,4,CAB-JDF,JDF-CAB,semi leito,NOITE,50.99,75.42,1.0,
2026-06-05,6,4,CAB-RIO,CAB-RIO,semi leito,NOITE,37.4,43.61,1.0,
2026-06-05,6,4,CAB-RIO,RIO-CAB,semi leito,NOITE,36.97,44.72,1.0,
2026-06-05,6,4,CAB-SAO,CAB-SAO,semi leito,NOITE,114.23,121.44,1.1500802568218293,
2026-06-05,6,4,CAB-SAO,SAO-CAB,semi leito,NOITE,110.07,109.74,1.0414751773049646,
2026-06-05,6,4,CAB-VIX,CAB-VIX,semi leito,NOITE,79.37,105.95,1.0,
2026-06-05,6,4,CAB-VIX,VIX-CAB,semi leito,NOITE,,124.9,1.0224267441860466,
2026-06-05,6,4,CDG-RIO,CDG-RIO,semi leito,NOITE,54.76,64.72,1.0,
2026-06-05,6,4,CDG-RIO,RIO-CDG,semi leito,NOITE,60.9,73.01,1.0,
2026-06-05,6,4,CGR-SAO,CGR-SAO,semi leito,NOITE,142.67,176.45,1.1146739130434782,
2026-06-05,6,4,CMP-GUR,CMP-GUR,semi leito,NOITE,83.9,86.32,1.0,
2026-06-05,6,4,CMP-RIO,CMP-RIO,semi leito,NOITE,96.64,114.55,1.0,
2026-06-05,6,4,CMP-RIO,RIO-CMP,semi leito,NOITE,85.72,96.8,1.0,
2026-06-05,6,4,CMP-SAO,CMP-SAO,semi leito,NOITE,22.1,41.71,1.0,
2026-06-05,6,4,CMP-SAO,SAO-CMP,semi leito,NOITE,21.97,41.9,1.0,
2026-06-05,6,4,CPC-FLN,CPC-FLN,semi leito,NOITE,127.42,134.38,1.0,
2026-06-05,6,4,CPC-FLN,FLN-CPC,semi leito,NOITE,112.55,127.74,1.0,
2026-06-05,6,4,CRG-SAO,SAO-CRG,semi leito,NOITE,50.95,52.07,1.0840108401084012,
2026-06-05,6,4,GVS-SAO,SAO-GVS,semi leito,NOITE,122.04,147.92,1.0,
2026-06-05,6,4,IPA-VIX,IPA-VIX,semi leito,NOITE,95.1,111.92,1.0,
2026-06-05,6,4,IPA-VIX,VIX-IPA,semi leito,NOITE,93.73,115.11,1.0,
2026-06-05,6,4,JDF-SAO,JDF-SAO,semi leito,NOITE,82.73,104.31,1.0,
2026-06-05,6,4,JDF-SAO,SAO-JDF,semi leito,NOITE,143.44,115.61,1.0,
2026-06-05,6,4,MCE-RIO,MCE-RIO,semi leito,NOITE,34.95,60.23,1.0,
2026-06-05,6,4,MCE-RIO,RIO-MCE,semi leito,NOITE,39.49,66.05,1.2605,2026-05-18 21:14:04.089853
2026-06-05,6,4,MCE-SAO,MCE-SAO,semi leito,NOITE,102.9,140.51,1.0,
2026-06-05,6,4,MCE-SAO,SAO-MCE,semi leito,NOITE,94.53,127.9,1.0,
2026-06-05,6,4,MCL-RIO,RIO-MCL,semi leito,NOITE,124.28,180.9,1.0,
2026-06-05,6,4,OLP-SAO,OLP-SAO,semi leito,NOITE,68.75,120.91,1.0,
2026-06-05,6,4,OLP-SAO,SAO-OLP,semi leito,NOITE,73.34,140.24,1.0,
2026-06-05,6,4,PAS-SAO,PAS-SAO,semi leito,NOITE,,139.03,1.0,
2026-06-05,6,4,PAS-SAO,SAO-PAS,semi leito,NOITE,69.08,114.9,1.0,
2026-06-05,6,4,PNV-SAO,SAO-PNV,semi leito,NOITE,141.54,201.29,1.0,
2026-06-05,6,4,QAK-SAO,QAK-SAO,semi leito,NOITE,96.42,136.9,1.0,
2026-06-05,6,4,QAK-SAO,SAO-QAK,semi leito,NOITE,115.9,130.74,1.020875,
2026-06-05,6,4,QDC-SAO,QDC-SAO,semi leito,NOITE,143.72,174.7,1.0,
2026-06-05,6,4,QDC-SAO,SAO-QDC,semi leito,NOITE,125.47,167.11,1.0,
2026-06-05,6,4,RAO-RIO,RIO-RAO,semi leito,NOITE,134.78,172.94,1.0,
2026-06-05,6,4,RAO-SAO,RAO-SAO,semi leito,NOITE,,85.41,1.0,
2026-06-05,6,4,RAO-SAO,SAO-RAO,semi leito,NOITE,65.21,86.36,1.0,
2026-06-05,6,4,RIO-SAO,RIO-SAO,semi leito,NOITE,88.53,104.9,1.0,
2026-06-05,6,4,RIO-SAO,SAO-RIO,semi leito,NOITE,92.65,103.41,1.041876079054974,
2026-06-05,6,4,RIO-STS,RIO-STS,semi leito,NOITE,,114.53,1.0,
2026-06-05,6,4,RIO-STS,STS-RIO,semi leito,NOITE,117.3,114.65,1.0670880824673161,
2026-06-05,6,4,RIO-UDI,RIO-UDI,semi leito,NOITE,195.26,201.05,1.0482666508538898,
2026-06-05,6,4,RIO-UDI,UDI-RIO,semi leito,NOITE,161.32,227.75,1.0,
2026-06-05,6,4,RIO-VIX,RIO-VIX,semi leito,NOITE,95.0,106.3,1.0,
2026-06-05,6,4,RIO-VIX,VIX-RIO,semi leito,NOITE,108.72,116.9,1.0,
2026-06-05,6,4,SAO-SJK,SAO-SJK,semi leito,NOITE,,31.25,1.0,
2026-06-05,6,4,SAO-SJK,SJK-SAO,semi leito,NOITE,22.9,34.81,1.0586234567901234,
2026-06-05,6,4,SAO-SJP,SAO-SJP,semi leito,NOITE,96.49,104.41,1.0,
2026-06-05,6,4,SAO-SJP,SJP-SAO,semi leito,NOITE,100.86,114.9,1.000589552238806,
2026-06-05,6,4,SAO-UDI,SAO-UDI,semi leito,NOITE,91.27,113.43,1.0,
2026-06-05,6,4,SAO-UDI,UDI-SAO,semi leito,NOITE,85.8,114.21,1.059049342105264,
2026-06-05,6,4,SAO-VIX,SAO-VIX,leito,NOITE,170.17,283.14,1.0,
2026-06-05,6,4,SAO-VIX,VIX-SAO,leito,NOITE,196.19,273.62,1.0,
2026-06-05,6,4,BAT-SAO,BAT-SAO,semi leito,TARDE,62.76,130.06,1.0,
2026-06-05,6,4,BHZ-DTI,BHZ-DTI,semi leito,TARDE,,110.11,1.050457535121329,
2026-06-05,6,4,BHZ-DTI,DTI-BHZ,semi leito,TARDE,59.1,103.7,1.0531,
2026-06-05,6,4,BHZ-IPA,BHZ-IPA,semi leito,TARDE,63.03,80.9,1.0,
2026-06-05,6,4,BHZ-IPA,IPA-BHZ,semi leito,TARDE,56.07,105.35,1.0,
2026-06-05,6,4,BHZ-MCL,BHZ-MCL,semi leito,TARDE,70.78,129.36,1.0,
2026-06-05,6,4,BHZ-MCL,MCL-BHZ,semi leito,TARDE,80.54,135.78,1.0,
2026-06-05,6,4,BHZ-RIO,RIO-BHZ,semi leito,TARDE,74.26,100.7,1.0,
2026-06-05,6,4,BHZ-SJK,SJK-BHZ,semi leito,TARDE,144.23,123.7,1.0,
2026-06-05,6,4,BRU-SAO,BRU-SAO,semi leito,TARDE,,75.51,1.0,
2026-06-05,6,4,BRU-SAO,SAO-BRU,semi leito,TARDE,65.5,80.01,1.0535311224489803,
2026-06-05,6,4,CAB-JDF,CAB-JDF,semi leito,TARDE,54.57,68.9,1.0,
2026-06-05,6,4,CAB-JDF,JDF-CAB,semi leito,TARDE,47.57,78.57,1.2023525641025632,
2026-06-05,6,4,CAB-RIO,CAB-RIO,semi leito,TARDE,32.3,41.42,1.0,
2026-06-05,6,4,CGR-SAO,CGR-SAO,semi leito,TARDE,139.51,151.58,1.0,
2026-06-05,6,4,CGR-SAO,SAO-CGR,semi leito,TARDE,150.62,160.5,1.124294554455446,
2026-06-05,6,4,CMP-SAO,CMP-SAO,semi leito,TARDE,22.47,43.9,1.081556303778527,
2026-06-05,6,4,CMP-SAO,SAO-CMP,semi leito,TARDE,21.66,40.85,1.0059586526181359,
2026-06-05,6,4,CMP-SJK,CMP-SJK,semi leito,TARDE,31.1,41.9,1.0,
2026-06-05,6,4,CRG-SAO,CRG-SAO,semi leito,TARDE,41.68,46.1,1.0,
2026-06-05,6,4,GVS-SAO,GVS-SAO,semi leito,TARDE,127.3,147.88,1.0,
2026-06-05,6,4,MCL-RIO,MCL-RIO,semi leito,TARDE,132.72,209.86,1.0,
2026-06-05,6,4,MCL-SAO,MCL-SAO,semi leito,TARDE,128.97,183.51,1.0,
2026-06-05,6,4,MCL-SAO,SAO-MCL,semi leito,TARDE,125.6,158.88,1.0492420560747664,
2026-06-05,6,4,PNV-SAO,PNV-SAO,semi leito,TARDE,133.55,239.85,1.0,
2026-06-05,6,4,RAO-RIO,RAO-RIO,semi leito,TARDE,148.64,166.16,1.0,
2026-06-05,6,4,RAO-SAO,RAO-SAO,semi leito,TARDE,67.1,86.36,1.0,
2026-06-05,6,4,RAO-SAO,SAO-RAO,semi leito,TARDE,59.99,81.61,1.0,
2026-06-05,6,4,RIO-SAO,RIO-SAO,semi leito,TARDE,76.87,89.9,1.0,
2026-06-05,6,4,RIO-SAO,SAO-RIO,leito,TARDE,,128.16,1.0,
2026-06-05,6,4,SAO-SJK,SAO-SJK,semi leito,TARDE,21.9,34.9,1.040497126436781,
2026-06-05,6,4,SAO-SJK,SJK-SAO,semi leito,TARDE,,30.9,1.0,
2026-06-05,6,4,SAO-SJP,SAO-SJP,semi leito,TARDE,65.45,98.9,1.0,
2026-06-05,6,4,SAO-SJP,SJP-SAO,semi leito,TARDE,74.27,99.66,1.0012287234042554,
2026-06-05,6,4,SAO-VIX,SAO-VIX,semi leito,TARDE,173.46,188.17,1.0,
2026-06-05,6,4,SAO-VIX,VIX-SAO,semi leito,TARDE,217.59,226.63,1.0,
2026-06-06,7,5,CMP-SAO,CMP-SAO,semi leito,MADRUGADA,19.4,27.9,1.0,
2026-06-06,7,5,RAO-SAO,RAO-SAO,semi leito,MADRUGADA,79.16,90.9,1.0,
2026-06-06,7,5,RAO-SAO,SAO-RAO,semi leito,MADRUGADA,,90.45,1.0,
2026-06-06,7,5,RIO-SAO,RIO-SAO,leito,MADRUGADA,,119.92,1.0507000000000002,
2026-06-06,7,5,RIO-SAO,SAO-RIO,semi leito,MADRUGADA,103.69,135.59,1.0211138636363644,
2026-06-06,7,5,BAT-SAO,BAT-SAO,semi leito,MANHA,85.9,139.56,1.2513159999999999,
2026-06-06,7,5,BAT-SAO,SAO-BAT,semi leito,MANHA,84.31,128.88,1.0,
2026-06-06,7,5,BHZ-DTI,BHZ-DTI,semi leito,MANHA,72.34,104.9,1.0003020186335398,
2026-06-06,7,5,BHZ-DTI,DTI-BHZ,semi leito,MANHA,72.27,99.9,1.0,
2026-06-06,7,5,BHZ-IPA,BHZ-IPA,semi leito,MANHA,54.03,72.9,1.0,
2026-06-06,7,5,BHZ-IPA,IPA-BHZ,semi leito,MANHA,62.9,85.9,1.173303167420812,
2026-06-06,7,5,BHZ-MCL,BHZ-MCL,semi leito,MANHA,88.28,103.85,1.1390000000000007,
2026-06-06,7,5,BHZ-MCL,MCL-BHZ,semi leito,MANHA,97.4,112.9,1.2962142857142864,
2026-06-06,7,5,BHZ-RIO,BHZ-RIO,semi leito,MANHA,78.48,102.9,1.0697045215311007,
2026-06-06,7,5,BHZ-RIO,RIO-BHZ,semi leito,MANHA,108.69,131.9,1.4417568707482993,
2026-06-06,7,5,CAB-RIO,CAB-RIO,semi leito,MANHA,38.4,56.6,1.044719696969696,
2026-06-06,7,5,CAB-RIO,RIO-CAB,semi leito,MANHA,34.66,45.37,1.0,
2026-06-06,7,5,CDG-RIO,CDG-RIO,semi leito,MANHA,67.48,97.69,1.0,
2026-06-06,7,5,CDG-RIO,RIO-CDG,semi leito,MANHA,67.4,101.8,1.0,
2026-06-06,7,5,CMP-SAO,CMP-SAO,semi leito,MANHA,22.04,35.06,1.0056896551724137,
2026-06-06,7,5,CMP-SAO,SAO-CMP,semi leito,MANHA,20.28,35.9,1.0,
2026-06-06,7,5,CMP-SJK,SJK-CMP,semi leito,MANHA,31.81,41.9,1.0,
2026-06-06,7,5,CRG-SAO,CRG-SAO,semi leito,MANHA,,54.9,1.2472641093474426,
2026-06-06,7,5,CRG-SAO,SAO-CRG,semi leito,MANHA,37.07,47.62,1.0,
2026-06-06,7,5,MCE-RIO,MCE-RIO,semi leito,MANHA,45.8,76.15,1.1057416666666664,
2026-06-06,7,5,MCE-RIO,RIO-MCE,semi leito,MANHA,40.97,68.15,1.2897631578947366,
2026-06-06,7,5,RAO-SAO,RAO-SAO,semi leito,MANHA,69.49,111.91,1.1281,2026-05-21 21:27:11.648087
2026-06-06,7,5,RAO-SAO,SAO-RAO,semi leito,MANHA,64.72,95.9,1.163,2026-05-21 21:27:11.648087
2026-06-06,7,5,RIO-SAO,RIO-SAO,semi leito,MANHA,85.9,102.8,1.1456471367096999,
2026-06-06,7,5,RIO-SAO,SAO-RIO,semi leito,MANHA,70.59,99.9,1.1688311688311699,
2026-06-06,7,5,SAO-SJK,SAO-SJK,semi leito,MANHA,19.9,32.9,1.0,
2026-06-06,7,5,SAO-SJK,SJK-SAO,semi leito,MANHA,22.03,34.55,1.0673076923076925,
2026-06-06,7,5,SAO-SJP,SAO-SJP,semi leito,MANHA,64.57,108.05,1.0888196338137945,
2026-06-06,7,5,SAO-SJP,SJP-SAO,semi leito,MANHA,84.78,126.92,1.1677,2026-05-21 21:27:11.648087
2026-06-06,7,5,ARB-SAO,ARB-SAO,semi leito,NOITE,163.49,193.38,1.303763700564971,
2026-06-06,7,5,ARB-SAO,SAO-ARB,semi leito,NOITE,111.9,123.8,1.0540421875000001,
2026-06-06,7,5,BHZ-BSB,BHZ-BSB,leito,NOITE,157.1,201.6,1.2034148996655494,
2026-06-06,7,5,BHZ-BSB,BSB-BHZ,leito,NOITE,188.9,258.19,1.3138364363636332,
2026-06-06,7,5,BHZ-CAB,BHZ-CAB,semi leito,NOITE,133.53,135.04,1.0383526594223649,
2026-06-06,7,5,BHZ-CAB,CAB-BHZ,semi leito,NOITE,163.74,158.55,0.9006,2026-05-28 14:11:14.049953
2026-06-06,7,5,BHZ-CMP,BHZ-CMP,leito,NOITE,210.8,254.13,1.3828061574618102,
2026-06-06,7,5,BHZ-CMP,CMP-BHZ,leito,NOITE,237.14,314.48,1.35825421455939,
2026-06-06,7,5,BHZ-IPA,BHZ-IPA,semi leito,NOITE,65.82,102.32,1.0478636363636364,
2026-06-06,7,5,BHZ-IPA,IPA-BHZ,semi leito,NOITE,94.23,144.95,1.1811555555555544,
2026-06-06,7,5,BHZ-MCL,BHZ-MCL,semi leito,NOITE,103.47,111.24,1.0946291560102297,
2026-06-06,7,5,BHZ-MCL,MCL-BHZ,semi leito,NOITE,143.18,169.14,1.26318947368421,
2026-06-06,7,5,BHZ-RAO,BHZ-RAO,semi leito,NOITE,158.9,176.3,1.2347500000000013,
2026-06-06,7,5,BHZ-RAO,RAO-BHZ,semi leito,NOITE,146.94,222.61,1.2990227272727268,
2026-06-06,7,5,BHZ-RIO,BHZ-RIO,semi leito,NOITE,131.36,158.5,1.4123477183563928,
2026-06-06,7,5,BHZ-RIO,RIO-BHZ,semi leito,NOITE,193.9,223.22,1.4069867167919785,
2026-06-06,7,5,BHZ-SAO,BHZ-SAO,semi leito,NOITE,160.93,205.62,1.396379999999997,
2026-06-06,7,5,BHZ-SAO,SAO-BHZ,semi leito,NOITE,151.01,206.15,1.0952,2026-05-21 21:27:11.648087
2026-06-06,7,5,BHZ-SJK,BHZ-SJK,semi leito,NOITE,137.68,175.68,1.2293880388773135,
2026-06-06,7,5,BHZ-SJK,SJK-BHZ,semi leito,NOITE,149.84,288.86,1.2293880388773135,
2026-06-06,7,5,BHZ-UDI,BHZ-UDI,semi leito,NOITE,187.52,219.24,1.349131121642971,
2026-06-06,7,5,BHZ-UDI,UDI-BHZ,semi leito,NOITE,204.55,240.07,1.6727338509316771,
2026-06-06,7,5,BHZ-VIX,BHZ-VIX,semi leito,NOITE,116.31,155.34,1.3393158714890359,
2026-06-06,7,5,BHZ-VIX,VIX-BHZ,semi leito,NOITE,168.05,264.29,1.3561575617283952,
2026-06-06,7,5,BOA-MAN,BOA-MAN,semi leito,NOITE,174.27,260.36,1.1,
2026-06-06,7,5,BOA-MAN,MAN-BOA,semi leito,NOITE,126.47,242.96,1.1,
2026-06-06,7,5,CAB-RIO,RIO-CAB,semi leito,NOITE,40.96,65.39,1.1301111111111108,
2026-06-06,7,5,CAB-SAO,CAB-SAO,leito,NOITE,271.53,453.84,1.6999833333333352,
2026-06-06,7,5,CAB-SAO,SAO-CAB,leito,NOITE,136.57,173.19,1.1157407407407407,
2026-06-06,7,5,CDG-RIO,CDG-RIO,semi leito,NOITE,48.57,68.15,1.0,
2026-06-06,7,5,CDG-RIO,RIO-CDG,semi leito,NOITE,58.61,85.83,1.0,
2026-06-06,7,5,CGR-SAO,CGR-SAO,semi leito,NOITE,161.32,225.44,1.1049309664694278,
2026-06-06,7,5,CMP-RIO,CMP-RIO,semi leito,NOITE,99.57,131.71,1.1800857843137256,
2026-06-06,7,5,CMP-RIO,RIO-CMP,semi leito,NOITE,129.23,169.5,1.4730924731182795,
2026-06-06,7,5,CMP-SAO,CMP-SAO,semi leito,NOITE,32.9,44.9,1.1188038961038969,
2026-06-06,7,5,CMP-SAO,SAO-CMP,semi leito,NOITE,19.84,42.9,1.0688288288288315,
2026-06-06,7,5,CPC-FLN,CPC-FLN,leito,NOITE,196.61,262.04,1.4906,2026-05-21 21:27:11.648087
2026-06-06,7,5,CPC-FLN,FLN-CPC,leito,NOITE,224.84,291.06,1.203441043083899,
2026-06-06,7,5,CRG-SAO,SAO-CRG,semi leito,NOITE,34.47,45.81,1.0,
2026-06-06,7,5,IPA-VIX,IPA-VIX,semi leito,NOITE,118.54,150.0,1.3604779026217235,
2026-06-06,7,5,IPA-VIX,VIX-IPA,semi leito,NOITE,120.4,144.9,1.3047212199312737,
2026-06-06,7,5,JDF-SAO,JDF-SAO,semi leito,NOITE,175.12,196.13,1.6925103494265132,
2026-06-06,7,5,JDF-SAO,SAO-JDF,semi leito,NOITE,114.6,181.54,1.3263409604519774,
2026-06-06,7,5,MCE-RIO,RIO-MCE,semi leito,NOITE,32.26,59.94,1.2897631578947366,
2026-06-06,7,5,QDC-SAO,QDC-SAO,semi leito,NOITE,131.09,213.61,1.1631107001693946,
2026-06-06,7,5,QDC-SAO,SAO-QDC,semi leito,NOITE,101.18,174.69,1.0,
2026-06-06,7,5,RAO-SAO,RAO-SAO,semi leito,NOITE,73.16,109.43,1.2849,2026-05-21 21:27:11.648087
2026-06-06,7,5,RAO-SAO,SAO-RAO,semi leito,NOITE,60.94,91.19,1.0116997354497346,
2026-06-06,7,5,RIO-SAO,RIO-SAO,semi leito,NOITE,161.41,226.93,1.6300410152636415,
2026-06-06,7,5,RIO-SAO,SAO-RIO,semi leito,NOITE,106.31,142.11,1.2882380359612715,
2026-06-06,7,5,RIO-UDI,RIO-UDI,semi leito,NOITE,215.75,339.26,1.4454786838978049,
2026-06-06,7,5,RIO-UDI,UDI-RIO,semi leito,NOITE,182.27,264.14,1.1683269503546114,
2026-06-06,7,5,RIO-VIX,RIO-VIX,semi leito,NOITE,112.0,121.7,1.2086743485813545,
2026-06-06,7,5,RIO-VIX,VIX-RIO,semi leito,NOITE,126.65,131.9,1.3735548156104527,
2026-06-06,7,5,SAO-SJK,SAO-SJK,semi leito,NOITE,,31.86,1.0277752454991813,
2026-06-06,7,5,SAO-SJK,SJK-SAO,semi leito,NOITE,22.76,35.9,1.3088652173913036,
2026-06-06,7,5,SAO-SJP,SAO-SJP,semi leito,NOITE,111.43,125.41,1.0,
2026-06-06,7,5,SAO-SJP,SJP-SAO,semi leito,NOITE,138.9,172.87,1.261,2026-05-21 21:27:11.648087
2026-06-06,7,5,SAO-UDI,SAO-UDI,leito,NOITE,156.3,176.3,1.0497835497835506,
2026-06-06,7,5,SAO-UDI,UDI-SAO,leito,NOITE,150.4,225.65,1.4091564359267745,
2026-06-06,7,5,SAO-VIX,SAO-VIX,leito,NOITE,195.46,296.58,1.0955834954233425,
2026-06-06,7,5,SAO-VIX,VIX-SAO,leito,NOITE,252.96,364.54,1.4586754241926678,
2026-06-06,7,5,BHZ-IPA,BHZ-IPA,semi leito,TARDE,56.76,75.96,1.0,
2026-06-06,7,5,BHZ-IPA,IPA-BHZ,semi leito,TARDE,57.17,86.74,1.0,
2026-06-06,7,5,BRU-SAO,BRU-SAO,semi leito,TARDE,52.47,90.4,1.1026151437847882,
2026-06-06,7,5,BRU-SAO,SAO-BRU,semi leito,TARDE,,75.72,1.0,
2026-06-06,7,5,CAB-RIO,CAB-RIO,semi leito,TARDE,42.19,58.9,1.2784312500000004,
2026-06-06,7,5,CGR-SAO,SAO-CGR,semi leito,TARDE,240.57,309.53,1.5391156462585027,
2026-06-06,7,5,CMP-SAO,CMP-SAO,semi leito,TARDE,22.53,36.65,1.0290757456828883,
2026-06-06,7,5,CMP-SAO,SAO-CMP,semi leito,TARDE,20.79,37.9,1.053477891156462,
2026-06-06,7,5,CMP-SJK,CMP-SJK,semi leito,TARDE,28.9,41.9,1.0,
2026-06-06,7,5,CPC-FLN,CPC-FLN,leito,TARDE,211.25,263.39,1.4906,2026-05-21 21:27:11.648087
2026-06-06,7,5,CRG-SAO,CRG-SAO,semi leito,TARDE,52.82,59.15,1.1947941176470604,
2026-06-06,7,5,MCE-RIO,MCE-RIO,semi leito,TARDE,33.65,61.16,1.1057416666666664,
2026-06-06,7,5,MCL-SAO,MCL-SAO,semi leito,TARDE,153.52,259.19,1.3614027777777784,
2026-06-06,7,5,MCL-SAO,SAO-MCL,semi leito,TARDE,128.85,182.35,1.0924,
2026-06-06,7,5,RAO-SAO,RAO-SAO,semi leito,TARDE,,124.36,1.5222,2026-05-18 19:41:29.212361
2026-06-06,7,5,RAO-SAO,SAO-RAO,semi leito,TARDE,57.47,77.9,1.0,
2026-06-06,7,5,RIO-SAO,SAO-RIO,leito,TARDE,84.47,103.58,1.0,
2026-06-06,7,5,SAO-SJK,SAO-SJK,semi leito,TARDE,20.9,32.9,1.0403827160493826,
2026-06-06,7,5,SAO-SJK,SJK-SAO,semi leito,TARDE,,29.9,1.0,
2026-06-06,7,5,SAO-SJP,SAO-SJP,semi leito,TARDE,76.63,107.0,1.081416515837105,
2026-06-06,7,5,SAO-VIX,SAO-VIX,leito,TARDE,186.75,251.78,1.0140944444444453,
2026-06-06,7,5,SAO-VIX,VIX-SAO,leito,TARDE,203.37,328.02,1.1336311983471095,
2026-06-07,1,6,CMP-SAO,CMP-SAO,semi leito,MADRUGADA,33.9,43.1,1.8764,2026-05-20 19:15:46.396348
2026-06-07,1,6,OLP-SAO,SAO-OLP,semi leito,MADRUGADA,103.46,136.71,1.3069,2026-05-20 19:15:46.396348
2026-06-07,1,6,RAO-SAO,RAO-SAO,semi leito,MADRUGADA,96.86,126.68,1.4752,2026-05-20 19:15:46.396348
2026-06-07,1,6,RAO-SAO,SAO-RAO,semi leito,MADRUGADA,,105.9,1.2293233082706743,
2026-06-07,1,6,RIO-SAO,RIO-SAO,leito,MADRUGADA,181.22,278.88,1.4205,2026-05-20 19:15:46.396348
2026-06-07,1,6,BAT-SAO,BAT-SAO,semi leito,MANHA,211.86,257.49,1.531989233954452,
2026-06-07,1,6,BAT-SAO,SAO-BAT,semi leito,MANHA,144.31,180.9,1.3911,2026-05-20 19:15:46.396348
2026-06-07,1,6,BHZ-DTI,BHZ-DTI,semi leito,MANHA,107.85,171.09,1.3613,2026-05-20 19:15:46.396348
2026-06-07,1,6,BHZ-DTI,DTI-BHZ,semi leito,MANHA,121.64,187.43,1.6242,2026-05-20 19:15:46.396348
2026-06-07,1,6,BHZ-IPA,BHZ-IPA,semi leito,MANHA,74.79,139.64,1.5621,2026-05-20 19:15:46.396348
2026-06-07,1,6,BHZ-IPA,IPA-BHZ,semi leito,MANHA,121.23,154.75,1.4227,2026-05-20 19:15:46.396348
2026-06-07,1,6,BHZ-MCL,BHZ-MCL,semi leito,MANHA,123.98,128.9,1.4002579365079364,
2026-06-07,1,6,BHZ-MCL,MCL-BHZ,semi leito,MANHA,152.55,139.91,1.3210542905081475,
2026-06-07,1,6,BHZ-RIO,BHZ-RIO,semi leito,MANHA,128.98,160.43,1.4427361311983482,
2026-06-07,1,6,BHZ-RIO,RIO-BHZ,semi leito,MANHA,238.16,282.24,1.3324145896656552,
2026-06-07,1,6,BHZ-SAO,BHZ-SAO,semi leito,MANHA,145.69,230.56,1.6296,2026-05-20 19:15:46.396348
2026-06-07,1,6,BHZ-UDI,BHZ-UDI,semi leito,MANHA,109.26,263.54,1.289280111924237,
2026-06-07,1,6,BHZ-UDI,UDI-BHZ,semi leito,MANHA,93.51,336.02,2.2,
2026-06-07,1,6,BRU-SAO,BRU-SAO,semi leito,MANHA,,125.56,1.3228592421915009,
2026-06-07,1,6,BRU-SAO,SAO-BRU,semi leito,MANHA,67.98,106.83,1.3477,2026-05-20 19:15:46.396348
2026-06-07,1,6,CAB-RIO,CAB-RIO,semi leito,MANHA,60.31,76.9,1.5712754777070055,
2026-06-07,1,6,CAB-RIO,RIO-CAB,semi leito,MANHA,33.4,42.17,1.0203904761904767,
2026-06-07,1,6,CDG-RIO,CDG-RIO,semi leito,MANHA,,121.78,1.3073,2026-05-20 19:15:46.396348
2026-06-07,1,6,CDG-RIO,RIO-CDG,semi leito,MANHA,89.4,128.82,1.4748,2026-05-20 19:15:46.396348
2026-06-07,1,6,CMP-SAO,CMP-SAO,semi leito,MANHA,29.56,59.02,1.2748155149934812,
2026-06-07,1,6,CMP-SAO,SAO-CMP,semi leito,MANHA,24.26,43.9,1.1358974358974356,
2026-06-07,1,6,CMP-SJK,SJK-CMP,semi leito,MANHA,37.9,48.9,1.2802,2026-05-20 19:15:46.396348
2026-06-07,1,6,CRG-SAO,CRG-SAO,semi leito,MANHA,,130.75,1.8544973544973546,
2026-06-07,1,6,CRG-SAO,SAO-CRG,semi leito,MANHA,50.72,55.55,1.2036,2026-05-20 19:15:46.396348
2026-06-07,1,6,MCE-RIO,MCE-RIO,semi leito,MANHA,68.11,86.76,1.8998,2026-05-18 21:14:04.089853
2026-06-07,1,6,MCE-RIO,RIO-MCE,semi leito,MANHA,52.95,87.31,2.2083,2026-05-18 21:14:04.089853
2026-06-07,1,6,OLP-SAO,OLP-SAO,semi leito,MANHA,143.5,243.79,1.4912,2026-05-20 19:15:46.396348
2026-06-07,1,6,RAO-SAO,RAO-SAO,semi leito,MANHA,87.63,148.68,1.5912,2026-05-20 19:15:46.396348
2026-06-07,1,6,RAO-SAO,SAO-RAO,semi leito,MANHA,,138.8,1.3801065127840877,
2026-06-07,1,6,RIO-SAO,RIO-SAO,semi leito,MANHA,197.45,265.64,1.9621442640692623,
2026-06-07,1,6,RIO-SAO,SAO-RIO,semi leito,MANHA,123.93,158.65,1.6003450738916212,
2026-06-07,1,6,SAO-SJK,SAO-SJK,semi leito,MANHA,20.5,31.07,1.04102088246131,
2026-06-07,1,6,SAO-SJK,SJK-SAO,semi leito,MANHA,29.98,44.0,1.5377616643291245,
2026-06-07,1,6,SAO-SJP,SAO-SJP,semi leito,MANHA,101.27,147.95,1.4251,2026-05-18 21:14:04.089853
2026-06-07,1,6,SAO-SJP,SJP-SAO,semi leito,MANHA,114.29,166.37,1.5167,2026-05-18 21:14:04.089853
2026-06-07,1,6,ANG-BHZ,ANG-BHZ,semi leito,NOITE,272.09,234.22,0.7233,2026-05-25 12:47:00.367937
2026-06-07,1,6,ANG-BHZ,BHZ-ANG,semi leito,NOITE,149.4,161.91,1.1175,2026-05-20 19:15:46.396348
2026-06-07,1,6,ARB-SAO,ARB-SAO,semi leito,NOITE,215.44,261.62,1.4693,2026-05-18 21:14:04.089853
2026-06-07,1,6,ARB-SAO,SAO-ARB,semi leito,NOITE,187.25,226.26,1.4515,2026-05-21 13:04:43.736372
2026-06-07,1,6,BAT-SAO,BAT-SAO,semi leito,NOITE,153.83,226.26,1.3021,2026-05-20 19:15:46.396348
2026-06-07,1,6,BAT-SAO,SAO-BAT,semi leito,NOITE,154.61,242.43,1.4002,2026-05-18 21:38:03.240909
2026-06-07,1,6,BHZ-BSB,BHZ-BSB,semi leito,NOITE,271.17,259.19,1.4166696535843064,
2026-06-07,1,6,BHZ-BSB,BSB-BHZ,leito,NOITE,251.75,331.82,1.442804220779221,
2026-06-07,1,6,BHZ-CAB,BHZ-CAB,semi leito,NOITE,115.57,135.27,1.0,
2026-06-07,1,6,BHZ-CAB,CAB-BHZ,semi leito,NOITE,250.16,280.74,1.4427,2026-06-01 14:49:21.372773
2026-06-07,1,6,BHZ-CDG,BHZ-CDG,semi leito,NOITE,151.35,224.8,1.446,2026-05-20 19:15:46.396348
2026-06-07,1,6,BHZ-CDG,CDG-BHZ,semi leito,NOITE,149.76,271.19,1.4848,2026-05-20 19:15:46.396348
2026-06-07,1,6,BHZ-CMP,BHZ-CMP,semi leito,NOITE,188.56,243.77,1.461,2026-05-20 19:15:46.396348
2026-06-07,1,6,BHZ-CMP,CMP-BHZ,semi leito,NOITE,,263.02,1.5082,2026-05-11 18:59:14.190175
2026-06-07,1,6,BHZ-DTI,BHZ-DTI,semi leito,NOITE,92.11,147.9,1.2268,2026-05-20 19:15:46.396348
2026-06-07,1,6,BHZ-DTI,DTI-BHZ,semi leito,NOITE,90.96,183.32,1.3156727459016393,
2026-06-07,1,6,BHZ-GYN,BHZ-GYN,semi leito,NOITE,216.63,274.21,1.3508,2026-05-20 19:15:46.396348
2026-06-07,1,6,BHZ-GYN,GYN-BHZ,semi leito,NOITE,207.6,244.74,1.3268,2026-05-14 13:23:03.427540
2026-06-07,1,6,BHZ-IPA,BHZ-IPA,semi leito,NOITE,109.24,159.75,1.3608127952755917,
2026-06-07,1,6,BHZ-IPA,IPA-BHZ,semi leito,NOITE,106.62,150.59,1.291584249512674,
2026-06-07,1,6,BHZ-MCE,BHZ-MCE,semi leito,NOITE,217.27,373.4,1.2922,2026-05-20 19:15:46.396348
2026-06-07,1,6,BHZ-MCE,MCE-BHZ,semi leito,NOITE,295.05,470.57,1.695171115639328,
2026-06-07,1,6,BHZ-MCL,BHZ-MCL,semi leito,NOITE,156.04,229.97,1.2602887667887681,
2026-06-07,1,6,BHZ-MCL,MCL-BHZ,semi leito,NOITE,165.08,191.39,1.3625614479638029,
2026-06-07,1,6,BHZ-RAO,BHZ-RAO,semi leito,NOITE,236.46,234.05,1.2815567617865968,
2026-06-07,1,6,BHZ-RAO,RAO-BHZ,semi leito,NOITE,255.66,331.66,1.3254,2026-05-11 18:59:14.190175
2026-06-07,1,6,BHZ-RIO,BHZ-RIO,semi leito,NOITE,134.8,159.76,1.087851812728221,
2026-06-07,1,6,BHZ-RIO,RIO-BHZ,semi leito,NOITE,219.12,329.4,1.560986183148092,
2026-06-07,1,6,BHZ-SAO,BHZ-SAO,semi leito,NOITE,178.42,233.8,1.2386,2026-05-11 18:59:14.190175
2026-06-07,1,6,BHZ-SAO,SAO-BHZ,semi leito,NOITE,169.61,282.75,1.5843,2026-05-28 19:31:27.384374
2026-06-07,1,6,BHZ-SJK,BHZ-SJK,semi leito,NOITE,205.23,234.98,1.4831,2026-05-11 18:59:14.190175
2026-06-07,1,6,BHZ-SJK,SJK-BHZ,semi leito,NOITE,270.21,320.75,1.3187,2026-05-21 21:27:11.648087
2026-06-07,1,6,BHZ-UDI,BHZ-UDI,semi leito,NOITE,198.4,271.28,1.4199,2026-05-11 18:59:14.190175
2026-06-07,1,6,BHZ-UDI,UDI-BHZ,semi leito,NOITE,243.2,322.29,1.486,2026-06-01 16:43:44.545221
2026-06-07,1,6,BHZ-VIX,BHZ-VIX,semi leito,NOITE,191.05,233.63,1.2477345018915582,
2026-06-07,1,6,BHZ-VIX,VIX-BHZ,semi leito,NOITE,186.61,263.03,1.4313,2026-05-20 19:15:46.396348
2026-06-07,1,6,BOA-MAN,BOA-MAN,semi leito,NOITE,177.9,248.8,1.2226,2026-05-20 19:15:46.396348
2026-06-07,1,6,BOA-MAN,MAN-BOA,semi leito,NOITE,169.42,247.76,1.1444,2026-05-20 19:15:46.396348
2026-06-07,1,6,BRU-SAO,BRU-SAO,semi leito,NOITE,79.06,173.6,1.1456,2026-05-20 19:15:46.396348
2026-06-07,1,6,BRU-SAO,SAO-BRU,semi leito,NOITE,,156.7,1.0329131652661052,
2026-06-07,1,6,CAB-JDF,CAB-JDF,semi leito,NOITE,113.66,153.79,1.4686,2026-05-20 19:15:46.396348
2026-06-07,1,6,CAB-JDF,JDF-CAB,semi leito,NOITE,58.9,94.91,1.3168,2026-05-20 19:15:46.396348
2026-06-07,1,6,CAB-RIO,CAB-RIO,semi leito,NOITE,75.79,94.47,1.7003,2026-05-20 19:15:46.396348
2026-06-07,1,6,CAB-RIO,RIO-CAB,semi leito,NOITE,47.69,64.56,1.0295,
2026-06-07,1,6,CAB-SAO,CAB-SAO,semi leito,NOITE,204.06,239.72,1.2169,2026-05-21 15:02:02.789326
2026-06-07,1,6,CAB-SAO,SAO-CAB,semi leito,NOITE,135.15,155.9,1.2550621646795834,
2026-06-07,1,6,CAB-VIX,CAB-VIX,semi leito,NOITE,,212.43,1.2584,2026-06-01 16:29:14.968918
2026-06-07,1,6,CAB-VIX,VIX-CAB,semi leito,NOITE,125.85,194.2,1.3152,2026-05-20 19:15:46.396348
2026-06-07,1,6,CDG-RIO,CDG-RIO,semi leito,NOITE,86.21,144.75,1.2152,2026-05-20 19:15:46.396348
2026-06-07,1,6,CDG-RIO,RIO-CDG,semi leito,NOITE,102.71,127.07,1.4326,2026-05-20 19:15:46.396348
2026-06-07,1,6,CGR-SAO,CGR-SAO,semi leito,NOITE,194.38,246.62,1.3048,2026-05-20 19:15:46.396348
2026-06-07,1,6,CMP-RIO,CMP-RIO,semi leito,NOITE,137.72,186.89,1.3157,2026-05-18 21:14:04.089853
2026-06-07,1,6,CMP-RIO,RIO-CMP,semi leito,NOITE,175.2,196.13,1.3902,2026-05-21 13:04:43.736372
2026-06-07,1,6,CMP-SAO,CMP-SAO,semi leito,NOITE,31.6,56.39,1.1247709376820014,
2026-06-07,1,6,CMP-SAO,SAO-CMP,semi leito,NOITE,33.79,63.17,1.2558384494664165,
2026-06-07,1,6,CPC-FLN,CPC-FLN,semi leito,NOITE,203.15,254.13,1.1477,2026-05-27 17:13:52.293403
2026-06-07,1,6,CPC-FLN,FLN-CPC,semi leito,NOITE,184.67,299.45,1.4519,2026-05-29 12:42:19.886130
2026-06-07,1,6,CRG-SAO,SAO-CRG,semi leito,NOITE,51.73,62.9,1.2365589371980676,
2026-06-07,1,6,GVS-SAO,SAO-GVS,semi leito,NOITE,211.86,331.94,1.9073,2026-05-20 19:15:46.396348
2026-06-07,1,6,IPA-VIX,IPA-VIX,semi leito,NOITE,160.0,213.52,1.2206875383670985,
2026-06-07,1,6,IPA-VIX,VIX-IPA,semi leito,NOITE,173.22,216.9,1.4925833623390168,
2026-06-07,1,6,JDF-SAO,JDF-SAO,semi leito,NOITE,194.2,217.02,1.3419715003982493,
2026-06-07,1,6,JDF-SAO,SAO-JDF,semi leito,NOITE,188.87,259.43,1.3716,2026-05-11 18:59:14.190175
2026-06-07,1,6,MCE-RIO,MCE-RIO,semi leito,NOITE,63.04,86.79,1.4887,2026-05-14 13:23:03.427540
2026-06-07,1,6,MCE-RIO,RIO-MCE,semi leito,NOITE,64.87,87.31,1.7279,2026-05-18 21:14:04.089853
2026-06-07,1,6,MCE-SAO,MCE-SAO,semi leito,NOITE,187.9,285.82,1.6015890476190484,
2026-06-07,1,6,MCE-SAO,SAO-MCE,semi leito,NOITE,194.12,283.52,1.052,2026-05-21 17:58:30.881193
2026-06-07,1,6,MCL-RIO,RIO-MCL,semi leito,NOITE,273.63,440.22,1.4795,2026-05-14 13:23:03.427540
2026-06-07,1,6,OLP-SAO,OLP-SAO,semi leito,NOITE,109.76,174.9,1.3637,2026-05-20 19:15:46.396348
2026-06-07,1,6,OLP-SAO,SAO-OLP,semi leito,NOITE,129.4,200.45,1.4251,2026-05-20 19:15:46.396348
2026-06-07,1,6,PAS-SAO,PAS-SAO,semi leito,NOITE,151.38,269.07,1.3770586080586071,
2026-06-07,1,6,PAS-SAO,SAO-PAS,semi leito,NOITE,,260.81,1.4635714285714294,
2026-06-07,1,6,PNV-SAO,SAO-PNV,semi leito,NOITE,218.15,362.03,1.400853851540619,
2026-06-07,1,6,QAK-SAO,QAK-SAO,semi leito,NOITE,259.63,289.31,1.3798627572016466,
2026-06-07,1,6,QAK-SAO,SAO-QAK,semi leito,NOITE,187.05,280.39,1.2615774834437097,
2026-06-07,1,6,QDC-SAO,QDC-SAO,semi leito,NOITE,199.13,257.13,1.2271,2026-05-20 19:15:46.396348
2026-06-07,1,6,QDC-SAO,SAO-QDC,semi leito,NOITE,191.98,255.92,1.3054540229885059,
2026-06-07,1,6,RAO-RIO,RIO-RAO,semi leito,NOITE,309.2,360.81,1.9259,2026-05-28 12:58:52.853466
2026-06-07,1,6,RAO-SAO,RAO-SAO,semi leito,NOITE,76.65,130.1,1.2496200980392158,
2026-06-07,1,6,RAO-SAO,SAO-RAO,semi leito,NOITE,102.34,149.39,1.3640199171842684,
2026-06-07,1,6,RIO-SAO,RIO-SAO,semi leito,NOITE,233.38,251.3,1.2684,2026-05-20 16:46:26.791532
2026-06-07,1,6,RIO-SAO,SAO-RIO,semi leito,NOITE,141.7,188.6,1.3014,2026-05-20 19:15:46.396348
2026-06-07,1,6,RIO-STS,RIO-STS,semi leito,NOITE,237.36,289.42,1.5751308988764041,
2026-06-07,1,6,RIO-STS,STS-RIO,semi leito,NOITE,,235.48,1.531844507575758,
2026-06-07,1,6,RIO-VIX,RIO-VIX,semi leito,NOITE,208.35,240.07,1.4939,2026-06-01 16:53:55.384990
2026-06-07,1,6,RIO-VIX,VIX-RIO,semi leito,NOITE,158.39,203.02,1.2687276755852874,
2026-06-07,1,6,SAO-SJK,SAO-SJK,semi leito,NOITE,,51.8,1.29429149659864,
2026-06-07,1,6,SAO-SJK,SJK-SAO,semi leito,NOITE,29.61,44.54,1.074003795066413,
2026-06-07,1,6,SAO-SJP,SAO-SJP,semi leito,NOITE,161.15,178.75,1.462323772484198,
2026-06-07,1,6,SAO-SJP,SJP-SAO,semi leito,NOITE,150.36,177.49,1.3895765845070398,
2026-06-07,1,6,SAO-UDI,SAO-UDI,semi leito,NOITE,167.81,219.55,1.3137,2026-05-20 19:15:46.396348
2026-06-07,1,6,SAO-UDI,UDI-SAO,semi leito,NOITE,161.61,231.62,1.3916,2026-05-20 19:15:46.396348
2026-06-07,1,6,SAO-VIX,SAO-VIX,leito,NOITE,335.79,350.05,1.2267,2026-05-27 16:53:53.008408
2026-06-07,1,6,SAO-VIX,VIX-SAO,leito,NOITE,281.69,407.52,1.2662,2026-05-18 21:38:03.240909
2026-06-07,1,6,BAT-SAO,BAT-SAO,semi leito,TARDE,145.42,256.63,1.4304,2026-05-20 19:15:46.396348
2026-06-07,1,6,BAT-SAO,SAO-BAT,semi leito,TARDE,136.69,249.14,1.4379,2026-05-18 21:38:03.240909
2026-06-07,1,6,BHZ-DTI,BHZ-DTI,semi leito,TARDE,99.55,163.06,1.2311,2026-05-20 19:15:46.396348
2026-06-07,1,6,BHZ-DTI,DTI-BHZ,semi leito,TARDE,,184.9,1.5364670846394974,
2026-06-07,1,6,BHZ-IPA,BHZ-IPA,semi leito,TARDE,109.32,154.93,1.4396,2026-05-20 19:15:46.396348
2026-06-07,1,6,BHZ-IPA,IPA-BHZ,semi leito,TARDE,121.31,175.96,1.4019,2026-05-20 19:15:46.396348
2026-06-07,1,6,BHZ-MCL,BHZ-MCL,semi leito,TARDE,120.19,193.65,1.0075432989690722,
2026-06-07,1,6,BHZ-MCL,MCL-BHZ,semi leito,TARDE,125.9,214.77,1.2852,2026-05-20 19:15:46.396348
2026-06-07,1,6,BHZ-RIO,BHZ-RIO,semi leito,TARDE,,209.73,1.1465892940626472,
2026-06-07,1,6,BHZ-RIO,RIO-BHZ,semi leito,TARDE,239.65,294.46,1.325803176253173,
2026-06-07,1,6,BHZ-SJK,SJK-BHZ,semi leito,TARDE,316.67,347.35,1.7909572756788639,
2026-06-07,1,6,CAB-JDF,CAB-JDF,semi leito,TARDE,99.19,137.93,1.2129,2026-05-21 21:27:11.648087
2026-06-07,1,6,CAB-JDF,JDF-CAB,semi leito,TARDE,,96.9,1.2185479460093893,
2026-06-07,1,6,CAB-RIO,CAB-RIO,semi leito,TARDE,64.0,96.44,1.3502,2026-06-01 13:28:59.624444
2026-06-07,1,6,CDG-RIO,CDG-RIO,semi leito,TARDE,75.68,131.73,1.1785,
2026-06-07,1,6,CGR-SAO,CGR-SAO,semi leito,TARDE,199.96,268.55,1.3652751887810133,
2026-06-07,1,6,CGR-SAO,SAO-CGR,semi leito,TARDE,262.31,359.2,1.5755331168831168,
2026-06-07,1,6,CMP-GUR,GUR-CMP,semi leito,TARDE,147.13,167.1,1.477,2026-05-20 19:15:46.396348
2026-06-07,1,6,CMP-SAO,CMP-SAO,semi leito,TARDE,35.41,57.02,1.3794406651549516,
2026-06-07,1,6,CMP-SAO,SAO-CMP,semi leito,TARDE,28.64,57.65,1.248930895114126,
2026-06-07,1,6,CMP-SJK,CMP-SJK,semi leito,TARDE,37.02,58.7,1.2559,2026-05-20 19:15:46.396348
2026-06-07,1,6,CRG-SAO,CRG-SAO,semi leito,TARDE,88.5,121.15,1.8735,2026-05-18 21:14:04.089853
2026-06-07,1,6,GVS-SAO,GVS-SAO,semi leito,TARDE,180.64,242.1,1.3382,2026-05-20 19:15:46.396348
2026-06-07,1,6,MCL-RIO,MCL-RIO,semi leito,TARDE,158.93,330.59,1.2389762803234476,
2026-06-07,1,6,MCL-SAO,MCL-SAO,semi leito,TARDE,188.13,265.41,1.3845,2026-05-20 19:15:46.396348
2026-06-07,1,6,MCL-SAO,SAO-MCL,semi leito,TARDE,226.43,320.78,1.2967276653171365,
2026-06-07,1,6,PNV-SAO,PNV-SAO,semi leito,TARDE,192.23,275.51,1.3594,2026-05-20 19:15:46.396348
2026-06-07,1,6,RAO-RIO,RAO-RIO,semi leito,TARDE,230.14,296.0,1.5224,2026-05-20 19:15:46.396348
2026-06-07,1,6,RAO-SAO,RAO-SAO,semi leito,TARDE,108.96,148.68,1.3201,2026-05-20 19:15:46.396348
2026-06-07,1,6,RAO-SAO,SAO-RAO,semi leito,TARDE,114.95,145.94,1.2689,2026-05-14 13:23:03.427540
2026-06-07,1,6,RIO-SAO,RIO-SAO,semi leito,TARDE,224.75,265.07,1.7675,2026-05-26 20:59:24.854895
2026-06-07,1,6,RIO-SAO,SAO-RIO,semi leito,TARDE,,158.65,1.4351746323529395,
2026-06-07,1,6,RIO-UDI,RIO-UDI,semi leito,TARDE,277.32,398.81,1.1811,2026-05-28 13:04:49.915693
2026-06-07,1,6,RIO-UDI,UDI-RIO,semi leito,TARDE,237.61,314.9,1.317,2026-05-20 19:15:46.396348
2026-06-07,1,6,SAO-SJK,SAO-SJK,semi leito,TARDE,29.63,40.59,1.1786019163763066,
2026-06-07,1,6,SAO-SJK,SJK-SAO,semi leito,TARDE,,51.9,1.5101528718703976,
2026-06-07,1,6,SAO-SJP,SAO-SJP,semi leito,TARDE,138.78,177.28,1.5703,2026-05-18 21:14:04.089853
2026-06-07,1,6,SAO-SJP,SJP-SAO,semi leito,TARDE,130.61,167.9,1.6842,2026-05-20 19:15:46.396348
2026-06-07,1,6,SAO-VIX,SAO-VIX,semi leito,TARDE,282.98,381.33,1.3052,2026-05-18 21:38:03.240909
2026-06-07,1,6,SAO-VIX,VIX-SAO,semi leito,TARDE,269.25,337.32,1.2667,2026-05-18 21:38:03.240909
2026-06-08,2,7,CMP-GUR,CMP-GUR,semi leito,MADRUGADA,82.57,97.7,1.2401690136795913,
2026-06-08,2,7,CMP-SAO,CMP-SAO,semi leito,MADRUGADA,25.4,43.02,1.4645,2026-05-20 20:39:56.618565
2026-06-08,2,7,RAO-SAO,RAO-SAO,semi leito,MADRUGADA,90.29,148.85,1.1637,2026-05-20 20:39:56.618565
2026-06-08,2,7,RAO-SAO,SAO-RAO,semi leito,MADRUGADA,,148.96,1.0989898989898996,
2026-06-08,2,7,RIO-SAO,RIO-SAO,semi leito,MADRUGADA,,269.82,1.3588166666666661,
2026-06-08,2,7,RIO-SAO,SAO-RIO,semi leito,MADRUGADA,157.17,212.37,1.4781,2026-05-20 20:39:56.618565
2026-06-08,2,7,BAT-SAO,BAT-SAO,semi leito,MANHA,105.69,150.9,1.2864,2026-05-20 20:39:56.618565
2026-06-08,2,7,BAT-SAO,SAO-BAT,semi leito,MANHA,117.65,171.9,1.3179,2026-05-20 20:39:56.618565
2026-06-08,2,7,BHZ-DTI,BHZ-DTI,semi leito,MANHA,76.65,110.11,1.1006830226199376,
2026-06-08,2,7,BHZ-DTI,DTI-BHZ,semi leito,MANHA,63.45,121.7,1.2861,2026-05-20 20:39:56.618565
2026-06-08,2,7,BHZ-IPA,BHZ-IPA,semi leito,MANHA,74.82,116.53,1.1856485338918514,
2026-06-08,2,7,BHZ-IPA,IPA-BHZ,semi leito,MANHA,73.23,104.98,1.2349,2026-05-20 20:39:56.618565
2026-06-08,2,7,BHZ-MCL,BHZ-MCL,semi leito,MANHA,94.5,110.06,1.167403043691705,
2026-06-08,2,7,BHZ-MCL,MCL-BHZ,semi leito,MANHA,92.23,100.9,1.1610424657534237,
2026-06-08,2,7,BHZ-RIO,BHZ-RIO,semi leito,MANHA,85.98,112.9,1.1704766797129815,
2026-06-08,2,7,BHZ-RIO,RIO-BHZ,semi leito,MANHA,180.32,246.81,1.5964,2026-05-20 20:39:56.618565
2026-06-08,2,7,BHZ-SAO,BHZ-SAO,semi leito,MANHA,115.9,103.31,1.1383018656716417,
2026-06-08,2,7,BHZ-SAO,SAO-BHZ,semi leito,MANHA,121.3,219.66,1.5345,2026-05-20 20:39:56.618565
2026-06-08,2,7,BRU-SAO,BRU-SAO,semi leito,MANHA,,92.27,1.0,
2026-06-08,2,7,BRU-SAO,SAO-BRU,semi leito,MANHA,59.23,90.2,1.0751,2026-05-20 20:39:56.618565
2026-06-08,2,7,CAB-RIO,CAB-RIO,semi leito,MANHA,52.37,95.74,1.4192,2026-05-20 20:39:56.618565
2026-06-08,2,7,CAB-RIO,RIO-CAB,semi leito,MANHA,43.26,48.9,1.0,
2026-06-08,2,7,CDG-RIO,CDG-RIO,semi leito,MANHA,72.74,115.09,1.0822,2026-05-20 20:39:56.618565
2026-06-08,2,7,CDG-RIO,RIO-CDG,semi leito,MANHA,80.15,139.53,1.1982,2026-05-18 21:14:04.089853
2026-06-08,2,7,CMP-SAO,CMP-SAO,semi leito,MANHA,24.9,51.9,1.428,2026-05-20 20:39:56.618565
2026-06-08,2,7,CMP-SAO,SAO-CMP,semi leito,MANHA,25.02,50.3,1.3189426867545533,
2026-06-08,2,7,CMP-SJK,SJK-CMP,semi leito,MANHA,32.3,46.9,1.0982776054590566,
2026-06-08,2,7,CRG-SAO,CRG-SAO,semi leito,MANHA,,61.9,1.2058893222506393,
2026-06-08,2,7,CRG-SAO,SAO-CRG,semi leito,MANHA,46.4,63.9,1.2472781916447593,
2026-06-08,2,7,MCE-RIO,MCE-RIO,semi leito,MANHA,53.86,86.53,1.5104,2026-05-18 21:14:04.089853
2026-06-08,2,7,RAO-SAO,RAO-SAO,semi leito,MANHA,62.45,139.89,1.4765,2026-05-20 20:39:56.618565
2026-06-08,2,7,RAO-SAO,SAO-RAO,semi leito,MANHA,89.5,140.85,1.2284778335191393,
2026-06-08,2,7,RIO-SAO,RIO-SAO,semi leito,MANHA,116.88,154.64,1.4113,2026-05-20 20:39:56.618565
2026-06-08,2,7,RIO-SAO,SAO-RIO,semi leito,MANHA,104.99,147.71,1.4209,2026-05-20 20:39:56.618565
2026-06-08,2,7,SAO-SJK,SAO-SJK,semi leito,MANHA,18.9,31.4,1.1341088487332347,
2026-06-08,2,7,SAO-SJK,SJK-SAO,semi leito,MANHA,21.23,36.65,1.11374963734568,
2026-06-08,2,7,SAO-SJP,SAO-SJP,semi leito,MANHA,87.8,160.43,1.4773,2026-05-20 20:39:56.618565
2026-06-08,2,7,SAO-SJP,SJP-SAO,semi leito,MANHA,79.61,121.7,1.228,2026-05-20 20:39:56.618565
2026-06-08,2,7,ANG-BHZ,ANG-BHZ,semi leito,NOITE,187.37,253.98,1.3686,2026-05-20 20:39:56.618565
2026-06-08,2,7,ANG-BHZ,BHZ-ANG,semi leito,NOITE,131.05,159.9,1.0988,2026-05-20 20:39:56.618565
2026-06-08,2,7,ARB-SAO,ARB-SAO,semi leito,NOITE,134.62,148.73,1.2037869303300153,
2026-06-08,2,7,ARB-SAO,SAO-ARB,semi leito,NOITE,103.78,142.7,1.2064451804915521,
2026-06-08,2,7,BAT-SAO,BAT-SAO,semi leito,NOITE,90.15,166.37,1.1616,2026-05-20 20:39:56.618565
2026-06-08,2,7,BAT-SAO,SAO-BAT,semi leito,NOITE,97.3,185.76,1.241,2026-05-20 20:39:56.618565
2026-06-08,2,7,BHZ-BSB,BHZ-BSB,leito,NOITE,156.22,181.7,1.079,2026-05-20 20:39:56.618565
2026-06-08,2,7,BHZ-BSB,BSB-BHZ,semi leito,NOITE,173.3,147.95,1.2122,2026-05-20 20:39:56.618565
2026-06-08,2,7,BHZ-CAB,BHZ-CAB,semi leito,NOITE,148.87,141.21,1.1479769956291699,
2026-06-08,2,7,BHZ-CAB,CAB-BHZ,semi leito,NOITE,156.9,200.9,1.2060380658436243,
2026-06-08,2,7,BHZ-CDG,BHZ-CDG,semi leito,NOITE,95.65,148.9,1.2853695652173909,
2026-06-08,2,7,BHZ-CDG,CDG-BHZ,semi leito,NOITE,98.54,146.52,1.2047,2026-05-20 20:39:56.618565
2026-06-08,2,7,BHZ-CMP,BHZ-CMP,semi leito,NOITE,,150.84,1.026539943181818,
2026-06-08,2,7,BHZ-CMP,CMP-BHZ,semi leito,NOITE,129.44,162.76,1.1834,2026-05-20 20:39:56.618565
2026-06-08,2,7,BHZ-DTI,BHZ-DTI,semi leito,NOITE,57.8,101.09,1.1405323863636347,
2026-06-08,2,7,BHZ-DTI,DTI-BHZ,semi leito,NOITE,46.73,104.63,1.2676433333333343,
2026-06-08,2,7,BHZ-GYN,BHZ-GYN,semi leito,NOITE,137.01,133.29,1.1359,2026-05-20 20:39:56.618565
2026-06-08,2,7,BHZ-GYN,GYN-BHZ,semi leito,NOITE,156.17,137.33,1.1743,2026-05-20 20:39:56.618565
2026-06-08,2,7,BHZ-IPA,BHZ-IPA,semi leito,NOITE,75.9,124.47,1.2249,2026-05-20 20:39:56.618565
2026-06-08,2,7,BHZ-IPA,IPA-BHZ,semi leito,NOITE,74.78,105.73,1.3164,2026-05-20 20:39:56.618565
2026-06-08,2,7,BHZ-MCE,BHZ-MCE,semi leito,NOITE,124.23,180.9,1.0924904228855716,
2026-06-08,2,7,BHZ-MCE,MCE-BHZ,semi leito,NOITE,176.94,303.43,1.1351,2026-05-20 20:39:56.618565
2026-06-08,2,7,BHZ-MCL,BHZ-MCL,semi leito,NOITE,89.9,118.66,1.0,
2026-06-08,2,7,BHZ-MCL,MCL-BHZ,semi leito,NOITE,112.94,130.1,1.2241479591836713,
2026-06-08,2,7,BHZ-RAO,BHZ-RAO,semi leito,NOITE,176.85,165.8,1.0929975142045452,
2026-06-08,2,7,BHZ-RAO,RAO-BHZ,semi leito,NOITE,164.1,205.47,1.2357,2026-05-20 20:39:56.618565
2026-06-08,2,7,BHZ-RIO,BHZ-RIO,semi leito,NOITE,84.66,105.9,1.0,
2026-06-08,2,7,BHZ-RIO,RIO-BHZ,semi leito,NOITE,134.82,171.05,1.4622,2026-05-20 20:39:56.618565
2026-06-08,2,7,BHZ-SAO,BHZ-SAO,semi leito,NOITE,125.38,144.24,1.048,2026-05-20 20:39:56.618565
2026-06-08,2,7,BHZ-SAO,SAO-BHZ,semi leito,NOITE,117.61,218.98,1.2897,2026-05-20 20:39:56.618565
2026-06-08,2,7,BHZ-SJK,BHZ-SJK,semi leito,NOITE,160.14,162.9,1.3916229729729688,
2026-06-08,2,7,BHZ-SJK,SJK-BHZ,semi leito,NOITE,140.16,186.22,1.314930969387754,
2026-06-08,2,7,BHZ-UDI,BHZ-UDI,semi leito,NOITE,140.0,157.4,1.1893,2026-05-20 20:39:56.618565
2026-06-08,2,7,BHZ-UDI,UDI-BHZ,semi leito,NOITE,214.15,187.63,1.7430325154489255,
2026-06-08,2,7,BHZ-VIX,BHZ-VIX,semi leito,NOITE,99.41,126.95,1.0838,2026-05-20 20:39:56.618565
2026-06-08,2,7,BHZ-VIX,VIX-BHZ,semi leito,NOITE,128.59,159.48,1.1454,2026-05-20 20:39:56.618565
2026-06-08,2,7,BOA-MAN,BOA-MAN,semi leito,NOITE,169.33,212.89,1.1,
2026-06-08,2,7,BOA-MAN,MAN-BOA,semi leito,NOITE,124.57,179.9,1.1,
2026-06-08,2,7,CAB-JDF,CAB-JDF,semi leito,NOITE,60.05,95.46,1.2427939091915843,
2026-06-08,2,7,CAB-RIO,CAB-RIO,semi leito,NOITE,50.02,71.9,1.4002400000000017,
2026-06-08,2,7,CAB-RIO,RIO-CAB,semi leito,NOITE,33.78,45.9,1.0,
2026-06-08,2,7,CAB-SAO,CAB-SAO,semi leito,NOITE,140.25,161.4,1.3034,2026-05-20 20:39:56.618565
2026-06-08,2,7,CAB-SAO,SAO-CAB,semi leito,NOITE,104.72,126.9,1.1427118481968828,
2026-06-08,2,7,CAB-VIX,CAB-VIX,semi leito,NOITE,97.68,118.6,1.2392,2026-05-20 20:39:56.618565
2026-06-08,2,7,CAB-VIX,VIX-CAB,semi leito,NOITE,,114.35,1.1962324728260858,
2026-06-08,2,7,CDG-RIO,CDG-RIO,semi leito,NOITE,61.63,82.85,1.0792,2026-05-20 20:39:56.618565
2026-06-08,2,7,CDG-RIO,RIO-CDG,semi leito,NOITE,83.9,125.22,1.1338,2026-05-20 20:39:56.618565
2026-06-08,2,7,CGR-SAO,CGR-SAO,semi leito,NOITE,175.57,188.9,1.2005,2026-05-20 20:39:56.618565
2026-06-08,2,7,CMP-RIO,CMP-RIO,semi leito,NOITE,105.94,119.99,1.2008,2026-05-20 20:39:56.618565
2026-06-08,2,7,CMP-RIO,RIO-CMP,semi leito,NOITE,134.87,151.69,1.2644,2026-05-20 20:39:56.618565
2026-06-08,2,7,CMP-SAO,CMP-SAO,semi leito,NOITE,17.9,44.9,1.070899999999999,
2026-06-08,2,7,CMP-SAO,SAO-CMP,semi leito,NOITE,23.05,51.9,1.2854938271604939,
2026-06-08,2,7,CPC-FLN,CPC-FLN,semi leito,NOITE,152.66,182.42,1.0725,2026-05-20 20:39:56.618565
2026-06-08,2,7,CPC-FLN,FLN-CPC,semi leito,NOITE,132.71,144.9,1.1888856896055262,
2026-06-08,2,7,CRG-SAO,SAO-CRG,semi leito,NOITE,38.9,47.9,1.0260590136054422,
2026-06-08,2,7,GVS-SAO,SAO-GVS,semi leito,NOITE,161.01,178.51,1.1804,2026-05-20 20:39:56.618565
2026-06-08,2,7,IPA-VIX,IPA-VIX,semi leito,NOITE,90.45,119.9,1.080223880597015,
2026-06-08,2,7,IPA-VIX,VIX-IPA,semi leito,NOITE,108.23,137.88,1.2553,2026-05-20 20:39:56.618565
2026-06-08,2,7,JDF-SAO,JDF-SAO,semi leito,NOITE,135.21,135.35,1.2262131053375755,
2026-06-08,2,7,JDF-SAO,SAO-JDF,semi leito,NOITE,105.79,173.13,1.152740208136236,
2026-06-08,2,7,MCE-RIO,RIO-MCE,semi leito,NOITE,54.68,86.79,1.5737500000000002,
2026-06-08,2,7,MCE-SAO,MCE-SAO,semi leito,NOITE,148.34,252.57,1.3791983251633977,
2026-06-08,2,7,MCE-SAO,SAO-MCE,semi leito,NOITE,150.4,285.05,1.4386,2026-05-20 20:39:56.618565
2026-06-08,2,7,MCL-RIO,RIO-MCL,semi leito,NOITE,173.06,310.65,1.2286,2026-05-20 20:39:56.618565
2026-06-08,2,7,OLP-SAO,OLP-SAO,semi leito,NOITE,81.03,145.9,1.3082706766917298,
2026-06-08,2,7,OLP-SAO,SAO-OLP,semi leito,NOITE,87.6,157.4,1.166023166023166,
2026-06-08,2,7,PAS-SAO,PAS-SAO,semi leito,NOITE,,118.55,1.1329565217391304,
2026-06-08,2,7,PAS-SAO,SAO-PAS,semi leito,NOITE,69.9,109.63,1.106316666666666,
2026-06-08,2,7,PNV-SAO,SAO-PNV,semi leito,NOITE,149.08,225.9,1.3444,2026-05-20 20:39:56.618565
2026-06-08,2,7,QAK-SAO,QAK-SAO,semi leito,NOITE,110.75,158.45,1.1604,2026-05-20 20:39:56.618565
2026-06-08,2,7,QAK-SAO,SAO-QAK,semi leito,NOITE,111.49,151.1,1.2267,2026-05-20 20:39:56.618565
2026-06-08,2,7,QDC-SAO,QDC-SAO,semi leito,NOITE,133.57,188.9,1.1203,2026-05-20 20:39:56.618565
2026-06-08,2,7,QDC-SAO,SAO-QDC,semi leito,NOITE,173.68,216.22,1.3553719008264469,
2026-06-08,2,7,RAO-RIO,RIO-RAO,semi leito,NOITE,215.83,323.95,1.2239,2026-05-20 20:39:56.618565
2026-06-08,2,7,RAO-SAO,RAO-SAO,semi leito,NOITE,,94.66,1.1008683904259962,
2026-06-08,2,7,RAO-SAO,SAO-RAO,semi leito,NOITE,84.57,117.9,1.3677927927927902,
2026-06-08,2,7,RIO-SAO,RIO-SAO,semi leito,NOITE,142.34,167.65,1.3225,2026-05-20 20:39:56.618565
2026-06-08,2,7,RIO-SAO,SAO-RIO,semi leito,NOITE,93.96,128.07,1.231,2026-05-20 20:39:56.618565
2026-06-08,2,7,RIO-STS,RIO-STS,semi leito,NOITE,,191.59,1.3709401709401696,
2026-06-08,2,7,RIO-STS,STS-RIO,semi leito,NOITE,128.43,153.9,1.33231107266436,
2026-06-08,2,7,RIO-UDI,RIO-UDI,semi leito,NOITE,209.73,301.29,1.3226,2026-05-20 20:39:56.618565
2026-06-08,2,7,RIO-UDI,UDI-RIO,semi leito,NOITE,158.97,273.34,1.2625,2026-05-20 20:39:56.618565
2026-06-08,2,7,RIO-VIX,RIO-VIX,semi leito,NOITE,105.36,148.73,1.2706,2026-05-18 21:14:04.089853
2026-06-08,2,7,RIO-VIX,VIX-RIO,semi leito,NOITE,93.86,122.27,1.0983,2026-05-20 20:39:56.618565
2026-06-08,2,7,SAO-SJK,SAO-SJK,semi leito,NOITE,,30.9,1.1819630434782609,
2026-06-08,2,7,SAO-SJK,SJK-SAO,semi leito,NOITE,17.4,30.9,1.1684196280991732,
2026-06-08,2,7,SAO-SJP,SAO-SJP,semi leito,NOITE,135.4,123.9,1.1933376288659796,
2026-06-08,2,7,SAO-SJP,SJP-SAO,semi leito,NOITE,123.45,125.9,1.1423,2026-05-20 20:39:56.618565
2026-06-08,2,7,SAO-UDI,SAO-UDI,semi leito,NOITE,114.69,168.86,1.2254,2026-05-20 20:39:56.618565
2026-06-08,2,7,SAO-UDI,UDI-SAO,semi leito,NOITE,,178.49,1.2812708333333318,
2026-06-08,2,7,SAO-VIX,SAO-VIX,leito,NOITE,265.16,379.42,1.3228,2026-05-20 20:39:56.618565
2026-06-08,2,7,SAO-VIX,VIX-SAO,leito,NOITE,197.13,276.05,1.2703349282296645,
2026-06-08,2,7,BAT-SAO,BAT-SAO,semi leito,TARDE,81.06,165.24,1.1687,2026-05-20 20:39:56.618565
2026-06-08,2,7,BHZ-DTI,BHZ-DTI,semi leito,TARDE,,126.68,1.14436329113924,
2026-06-08,2,7,BHZ-DTI,DTI-BHZ,semi leito,TARDE,66.26,125.9,1.257,2026-05-20 20:39:56.618565
2026-06-08,2,7,BHZ-IPA,BHZ-IPA,semi leito,TARDE,74.54,122.3,1.2399,2026-05-20 20:39:56.618565
2026-06-08,2,7,BHZ-IPA,IPA-BHZ,semi leito,TARDE,67.13,137.7,1.2369697819314633,
2026-06-08,2,7,BHZ-MCL,BHZ-MCL,semi leito,TARDE,78.23,146.41,1.0840410256410251,
2026-06-08,2,7,BHZ-MCL,MCL-BHZ,semi leito,TARDE,82.19,155.04,1.1925952124685475,
2026-06-08,2,7,BHZ-RIO,BHZ-RIO,semi leito,TARDE,78.33,100.22,1.061268627450981,
2026-06-08,2,7,BHZ-RIO,RIO-BHZ,semi leito,TARDE,,195.32,1.203338095238096,
2026-06-08,2,7,BHZ-SJK,SJK-BHZ,semi leito,TARDE,206.34,250.76,1.462,2026-05-20 20:39:56.618565
2026-06-08,2,7,CAB-JDF,CAB-JDF,semi leito,TARDE,81.77,100.09,1.2609,2026-05-20 20:39:56.618565
2026-06-08,2,7,CAB-JDF,JDF-CAB,semi leito,TARDE,54.3,68.73,1.0,
2026-06-08,2,7,CAB-RIO,CAB-RIO,semi leito,TARDE,45.05,70.33,1.1177,2026-05-20 20:39:56.618565
2026-06-08,2,7,CGR-SAO,CGR-SAO,semi leito,TARDE,167.4,168.9,1.1814732401157189,
2026-06-08,2,7,CGR-SAO,SAO-CGR,semi leito,TARDE,232.45,254.9,1.61449275362319,
2026-06-08,2,7,CMP-GUR,GUR-CMP,semi leito,TARDE,101.9,107.92,1.183733539851551,
2026-06-08,2,7,CMP-SAO,CMP-SAO,semi leito,TARDE,19.45,38.9,1.112156565656566,
2026-06-08,2,7,CMP-SAO,SAO-CMP,semi leito,TARDE,23.65,47.15,1.1827242524916943,
2026-06-08,2,7,CMP-SJK,CMP-SJK,semi leito,TARDE,38.23,41.9,1.14705303030303,
2026-06-08,2,7,CPC-FLN,CPC-FLN,leito,TARDE,173.65,215.98,1.0653,2026-05-20 20:39:56.618565
2026-06-08,2,7,CRG-SAO,CRG-SAO,semi leito,TARDE,48.96,54.9,1.1408645652173917,
2026-06-08,2,7,GVS-SAO,GVS-SAO,semi leito,TARDE,130.23,155.9,1.1252031554343604,
2026-06-08,2,7,MCL-SAO,MCL-SAO,semi leito,TARDE,156.76,211.25,1.208,2026-05-20 20:39:56.618565
2026-06-08,2,7,MCL-SAO,SAO-MCL,semi leito,TARDE,168.35,263.02,1.377,2026-05-20 20:39:56.618565
2026-06-08,2,7,PNV-SAO,PNV-SAO,semi leito,TARDE,163.63,247.88,1.1731,2026-05-20 20:39:56.618565
2026-06-08,2,7,RAO-RIO,RAO-RIO,semi leito,TARDE,148.69,210.42,1.3361,2026-05-20 20:39:56.618565
2026-06-08,2,7,RAO-SAO,RAO-SAO,semi leito,TARDE,62.13,89.9,1.1479835953520154,
2026-06-08,2,7,RAO-SAO,SAO-RAO,semi leito,TARDE,86.84,127.82,1.2937,2026-05-20 20:39:56.618565
2026-06-08,2,7,RIO-SAO,RIO-SAO,semi leito,TARDE,101.47,149.73,1.1709,2026-05-20 20:39:56.618565
2026-06-08,2,7,RIO-SAO,SAO-RIO,semi leito,TARDE,,119.9,1.193993187830688,
2026-06-08,2,7,SAO-SJK,SAO-SJK,semi leito,TARDE,14.9,26.9,1.089962121212121,
2026-06-08,2,7,SAO-SJK,SJK-SAO,semi leito,TARDE,,27.9,1.1618729096989968,
2026-06-08,2,7,SAO-SJP,SAO-SJP,semi leito,TARDE,89.16,145.85,1.3997,2026-05-20 20:39:56.618565
2026-06-08,2,7,SAO-VIX,SAO-VIX,leito,TARDE,235.64,366.61,1.3554,2026-05-20 20:39:56.618565
2026-06-08,2,7,SAO-VIX,VIX-SAO,semi leito,TARDE,209.64,229.0,1.0618,2026-05-20 20:39:56.618565
